<?xml version="1.0" encoding="UTF-8"?>
<configuration xmlns:xsi="http://www.w3.org/2001/XMLSchema-instance" xsi:noNamespaceSchemaLocation="logback.xsd">
	<property name="DEV_HOME" value="c:/logs" />
	<appender name="STDOUT" class="ch.qos.logback.core.ConsoleAppender">
		<encoder>
			<pattern> [ADMIN][%d] [%-5level] [%logger{40}:%L] %m %n
			</pattern>
		</encoder>
	</appender>
	<appender name="FILE-AUDIT" class="ch.qos.logback.core.rolling.RollingFileAppender">
		<file>/logs/admin/chat_admin_log.log</file>
		<encoder class="ch.qos.logback.classic.encoder.PatternLayoutEncoder">
			<Pattern> [ADMIN][%d] [%-5level] [%logger{40}:%L] %m %n
			</Pattern>
		</encoder>
		<rollingPolicy class="ch.qos.logback.core.rolling.TimeBasedRollingPolicy">
			<!-- rollover daily -->
			<fileNamePattern>/logs/admin/chat_admin_log.%d{yyyy-MM-dd}.%i.log
			</fileNamePattern>
			<timeBasedFileNamingAndTriggeringPolicy class="ch.qos.logback.core.rolling.SizeAndTimeBasedFNATP">
				<maxFileSize>10MB</maxFileSize>
			</timeBasedFileNamingAndTriggeringPolicy>
		</rollingPolicy>
	</appender>

	<logger name="jdbc.sqlonly" level="debug" />
	<logger name="jdbc.sqltiming" level="ERROR" />
	<logger name="jdbc.audit" level="ERROR" />
	<logger name="jdbc.resultset" level="ERROR" />
	<logger name="jdbc.resultsettable" level="debug" />
	<logger name="jdbc.connection" level="DEBUG" />
	<logger name="emnet.chat.admin" level="debug" additivity="false">
		<appender-ref ref="FILE-AUDIT" />
		<appender-ref ref="STDOUT" />
	</logger>
	<logger name="org.springframework" level="info" additivity="false">
		<!-- <level>INFO</level> -->
		<appender-ref ref="FILE-AUDIT" />
		<appender-ref ref="STDOUT" />
	</logger>
	<root level="info">
		<appender-ref ref="FILE-AUDIT" />
		<appender-ref ref="STDOUT" />
	</root>
</configuration>