<?xml version="1.0" encoding="UTF-8"?>
<!DOCTYPE mapper PUBLIC "-//mybatis.org//DTD Mapper 3.0//EN" "http://mybatis.org/dtd/mybatis-3-mapper.dtd">
<mapper namespace="emnet.chat.admin.mapper.mst.admin.dashboard.DashboardMapper">

    <select id="selectDailySummary" parameterType="ReqDashboardVO" resultType="ResDashboardSummaryVO">
    	/*DashboardMapper.xml -- selectDailySummary */
        SELECT WAIT_USER.waiting_cnt,
                       CAT_USER.work_cnt,
                       total_consult_cnt,
                       avg_waiting_time
                FROM (select NVL(SUM(case
                                         when CONSULT_STATUS = 'END' AND END_TYPE != 'WAITING' AND DEPARTMENT_NO IS NOT NULL THEN 1
                                         ELSE 0 end), 0)                                              total_consult_cnt
                           , ${DB_OWNER}.FNC_SECOND_TO_STRING(
                            NVL(AVG(NVL(${DB_OWNER}.FNC_FROM_DATE_SEC_DIFF(START_TIME, CHAT_START_TIME), 0)), 0)) avg_waiting_time
                      from ${DB_OWNER}.CONSULT
                      WHERE 1 = 1
                      <if test="!@emnet.chat.admin.common.utils.StringUtils@isEmpty(consult_category_no)">
                        AND CONSULT_CATEGORY_NO = #{consult_category_no}
                      </if>

        AND CONSULT_DATE_STR >= TO_CHAR(sysdate
          , 'YYYY-MM-DD')) CON,
        (
         select COUNT(*) work_cnt
         from ${DB_OWNER}.USER_M U
         WHERE 1 = 1
           AND CONSULT_ENABLE = 'Y'
           AND WORK_YN = 'Y'
           AND SERVICE_NO = #{service_no}
           AND exists(
                 SELECT 'x'
                 FROM USER_CONSULT_CATEGORY CAT
                 WHERE U.USER_NO = CAT.USER_NO
                <if test="!@emnet.chat.admin.common.utils.StringUtils@isEmpty(consult_category_no)">
                    AND CAT.CONSULT_CATEGORY_NO = #{consult_category_no}
                </if>
             )) CAT_USER
        ,

        (
         select COUNT(*) waiting_cnt
         from  ${DB_OWNER}.USER_M U
         WHERE 1 = 1
           AND CONSULT_ENABLE = 'Y'
           AND SERVICE_NO = #{service_no}
           AND WORK_YN = 'Y'
           AND not exists(
                 SELECT 'x'
                 FROM ${DB_OWNER}.CONSULT CON
                 WHERE U.USER_NO = CON.USER_NO
                   AND CON.CONSULT_STATUS != 'END'
                <if test="!@emnet.chat.admin.common.utils.StringUtils@isEmpty(consult_category_no)">
                    AND CON.CONSULT_CATEGORY_NO = #{consult_category_no}
                </if>
                   AND con.CONSULT_DATE_STR = TO_CHAR(sysdate
                     , 'YYYY-MM-DD')
             )
           AND exists(
                 SELECT 'x'
                 FROM ${DB_OWNER}.USER_CONSULT_CATEGORY CAT
                 WHERE U.USER_NO = CAT.USER_NO
        <if test="!@emnet.chat.admin.common.utils.StringUtils@isEmpty(consult_category_no)">
            AND CAT.CONSULT_CATEGORY_NO = #{consult_category_no}
        </if>
             )) WAIT_USER

    </select>


    <select id="selectDailyUser" parameterType="ReqDashboardVO" resultType="ResDashboardUserVO">
        /*DashboardMapper.xml -- selectDailyUser */
        SELECT
            A.*,
            ROWNUM as id
        FROM
        (
        SELECT dept.LEVEL3_NAME,
               USR.EMP_NO,
               USR.NAME    user_name,
               USR.USER_NO,
               ${DB_OWNER}.FNC_COM_CODE_NM('WORK_STATUS_CD', USR.WORK_STATUS_TYPE)                                                                               WORK_STATUS_NM,
               ${DB_OWNER}.FNC_SECOND_TO_STRING(FNC_FROM_DATE_SEC_DIFF((SELECT MAX(HIS.START_DATE)
                                                            FROM ${DB_OWNER}.WORK_STATUS_HISTORY HIS
                                                            WHERE USR.USER_NO = HIS.USER_NO
                                                              AND TO_CHAR(HIS.START_DATE, 'YYYY-MM-DD') = TO_CHAR(SYSDATE, 'YYYY-MM-DD')), sysdate)) diff_sec,
               NVL((SELECT LISTAGG(K.TITLE, ',') WITHIN GROUP (ORDER BY K.TITLE) AS skill_name
                    FROM ${DB_OWNER}.USER_CONSULT_CATEGORY S,
                         ${DB_OWNER}.CONSULT_CATEGORY K
                    WHERE 1 = 1
                      AND S.SERVICE_NO = K.SERVICE_NO
                      AND S.CONSULT_CATEGORY_NO = K.CONSULT_CATEGORY_NO
                      AND S.SERVICE_NO = USR.SERVICE_NO
                      AND S.USER_NO = USR.USER_NO
                   ), ' ') as                                                                                                                        category_name,
               NVL(CON.CONSULT_CNT, 0)                                                                                                               consult_cnt
        FROM ${DB_OWNER}.USER_M USR,
             (SELECT CONSULT.USER_NO, SUM(CASE
                                                WHEN CONSULT.consult_status = 'END' THEN 1
                                                ELSE 0
                                                END)  CONSULT_CNT
              FROM ${DB_OWNER}.CONSULT CONSULT
              WHERE CONSULT.CONSULT_DATE_STR = TO_CHAR(SYSDATE, 'YYYY-MM-DD')
              GROUP BY CONSULT.USER_NO) CON
                ,
              ${DB_OWNER}.V_DEPT dept
        WHERE USR.USER_NO = CON.USER_NO(+)
          AND USR.DEPARTMENT_NO = dept.LEVEL3_NO
        <if test="!@emnet.chat.admin.common.utils.StringUtils@isEmpty(service_no)">
            AND USR.service_no = #{service_no}
        </if>

          AND EXISTS (
              SELECT 'x' from
                    ${DB_OWNER}.USER_CONSULT_CATEGORY K
              WHERE K.USER_NO = USR.USER_NO
              and   k.SERVICE_NO = USR.SERVICE_NO
            <if test="!@emnet.chat.admin.common.utils.StringUtils@isEmpty(consult_category_no)">
                AND K.CONSULT_CATEGORY_NO = #{consult_category_no}
            </if>
            )
        ORDER BY USR.NAME
        )A
        <![CDATA[
        WHERE ROWNUM <= 100
        ]]>
    </select>


    <select id="selectHour" parameterType="ReqDashboardVO" resultType="ResDashboardHourVO">
        <![CDATA[
             /*DashboardMapper.xml -- selectHour */
            WITH v_time
             AS (SELECT LEVEL - 1 hour
                 FROM   dual
                 CONNECT BY LEVEL <= 24)
                SELECT Lpad(v_time.hour, 2, '0') hour,
                       NVL(con.consult_req_cnt,0) consult_req_cnt,
                       Nvl(con.consult_cnt, 0)   consult_cnt
                FROM   (SELECT To_char(start_time, 'hh24') hour,
                              COUNT(*)                  consult_req_cnt,
                              SUM(CASE
                                     WHEN consult_status = 'END' THEN 1
                                     ELSE 0
                                   END)                  consult_cnt
                        FROM   ${DB_OWNER}.consult CON
                        WHERE  1 = 1
                               AND consult_date_str >= To_char(SYSDATE, 'YYYY-MM-DD')]]>
        <if test="!@emnet.chat.admin.common.utils.StringUtils@isEmpty(service_no)">
            AND CON.service_no = #{service_no}
        </if>
        <if test="!@emnet.chat.admin.common.utils.StringUtils@isEmpty(consult_category_no)">
            AND CON.CONSULT_CATEGORY_NO = #{consult_category_no}
        </if>
        <![CDATA[
                        GROUP  BY To_char(start_time, 'hh24')) CON,
                       v_time
                WHERE  v_time.hour = con.hour(+)
                       AND v_time.hour BETWEEN 8 AND 19
                ORDER  BY v_time.hour
        ]]>
    </select>


    <select id="selectDaily" parameterType="ReqDashboardVO" resultType="ResDashboardDailyVO">
        <![CDATA[
            /*DashboardMapper.xml -- selectDaily */
            WITH DATE_CUR
                     AS (
                    SELECT TO_CHAR(sysdate - level + 1, 'yyyy-mm-dd') current_date
                         , TO_CHAR(sysdate - level + 1, 'd')          current_week
                    FROM dual
                    CONNECT BY LEVEL <= 7
                )
            SELECT DATE_CUR.current_date || '(' || ${DB_OWNER}.FNC_COM_CODE_NM('WEEK_CD', DATE_CUR.current_week) || ')' current_date
                 , NVL(consult_req_cnt,0) consult_req_cnt
                 , NVL(consult_cnt,0)     consult_cnt
            FROM (
                     SELECT To_char(start_time, 'yyyy-mm-dd') consult_date,
                            COUNT(*)                          consult_req_cnt,
                            SUM(CASE
                                    WHEN consult_status = 'END' THEN 1

                                END)                          consult_cnt
                     FROM ${DB_OWNER}.consult CON
                     WHERE 1 = 1
                       AND consult_date_str >= To_char(SYSDATE - 6, 'YYYY-MM-DD')
        ]]>
        <if test="!@emnet.chat.admin.common.utils.StringUtils@isEmpty(service_no)">
            AND CON.service_no = #{service_no}
        </if>
        <if test="!@emnet.chat.admin.common.utils.StringUtils@isEmpty(consult_category_no)">
            AND CON.CONSULT_CATEGORY_NO = #{consult_category_no}
        </if>
        <![CDATA[
                     GROUP BY To_char(start_time, 'yyyy-mm-dd')) CON,
                 DATE_CUR
            WHERE DATE_CUR.current_date = CON.consult_date(+)
              AND DATE_CUR.current_week not in (1, 7)
            order by DATE_CUR.current_date


        ]]>


    </select>


    <select id="selectHourUser" parameterType="ReqDashboardVO" resultType="ResDashboardHourVO">
        <![CDATA[
            /*DashboardMapper.xml -- selectHourUser */
            WITH v_time
             AS (SELECT LEVEL - 1 hour
                 FROM   dual
                 CONNECT BY LEVEL <= 24)
                SELECT Lpad(v_time.hour, 2, '0') hour,
                       Nvl(con.consult_cnt, 0)   consult_cnt
                FROM   (SELECT To_char(start_time, 'hh24') hour,
                               SUM(CASE
                                     WHEN consult_status = 'END' THEN 1
                                     ELSE 0
                                   END)                  consult_cnt
                        FROM   ${DB_OWNER}.consult CON
                        WHERE  1 = 1
                               AND consult_date_str >= To_char(SYSDATE, 'YYYY-MM-DD')
                               AND CON.service_no = #{service_no}
                               AND CON.user_no = #{user_no}
                        GROUP  BY To_char(start_time, 'hh24')) CON,
                       v_time
                WHERE  v_time.hour = con.hour(+)
                       AND v_time.hour BETWEEN 8 AND 19
                ORDER  BY v_time.hour
        ]]>
    </select>

</mapper>