<?xml version="1.0" encoding="UTF-8"?>
<!DOCTYPE mapper PUBLIC "-//mybatis.org//DTD Mapper 3.0//EN" "http://mybatis.org/dtd/mybatis-3-mapper.dtd">
<mapper namespace="emnet.chat.admin.mapper.mst.admin.department.DepartmentMapper">


    <select id="selectDepartmentList" parameterType="ReqDepartmentVO" resultType="ReqDepartmentVO">
        <![CDATA[
			/*DEPARTMENT.Mapper.xml -- selectDepartmentList */
			SELECT
				  ROWNUM as id
                , department_no
				, department_no_ref
				, department_level
				, department_name
				, use_yn
			FROM
			    ${DB_OWNER}.DEPARTMENT
			WHERE   1 = 1


		]]>

        <if test="!@emnet.chat.admin.common.utils.StringUtils@isEmpty(department_no)">
            <![CDATA[
		 		   AND department_no    = #{ department_no     }
			]]>
        </if>
        <if test="!@emnet.chat.admin.common.utils.StringUtils@isEmpty(department_level)">
            <![CDATA[
		 		   AND department_level    = #{ department_level     }
			]]>
        </if>
        <if test="!@emnet.chat.admin.common.utils.StringUtils@isEmpty(department_no_ref)">
            <![CDATA[
		 		   AND department_no_ref    = #{ department_no_ref     }
			]]>
        </if>
        <if test="!@emnet.chat.admin.common.utils.StringUtils@isEmpty(use_yn)">
            <![CDATA[
		 		   AND use_yn    = #{ use_yn     }
			]]>
        </if>

    </select>


    <insert id="insertDepartment" parameterType="ReqDepartmentVO">

        /*DEPARTMENT.Mapper.xml -- insertDepartment */
        <selectKey keyProperty="department_no" resultType="string" order="BEFORE">
            <![CDATA[
				select
					NVL(MAX(department_no),0) +1
				from ${DB_OWNER}.DEPARTMENT
				]]>

        </selectKey>
        <![CDATA[

				INSERT INTO ${DB_OWNER}.DEPARTMENT
			 (
				   department_no
				  ,department_no_ref
				  ,department_level
				  ,department_name
				  ,use_yn
				  ,data_regr_id
				  ,data_reg_dtm
				  ,data_chgr_id
				  ,data_chg_dtm
			)
			VALUES
			 (
					#{ department_no   }
				  , #{ department_no_ref }
				  , #{ department_level  }
				  , #{ department_name }
				  , #{ use_yn          }
				  , #{ data_regr_id    }
				  , sysdate
				  , #{ data_chgr_id    }
				  , sysdate
			)
			]]>
    </insert>


    <update id="updateDepartment" parameterType="ReqDepartmentVO">
		<![CDATA[

                    /*DEPARTMENT.Mapper.xml -- updateDepartment */
                    UPDATE ${DB_OWNER}.DEPARTMENT
                    SET
                       department_no_ref =  #{ department_no_ref }
                     , department_level  =  #{ department_level  }
                     , department_name =  #{ department_name }
                     , use_yn          =  #{ use_yn          }
                     , data_chgr_id    =  #{ data_chgr_id    }
                     , data_chg_dtm    =  sysdate
                    WHERE 1 = 1
                    AND department_no   = #{ department_no   }


        ]]>
		</update>


    <delete id="deleteDepartment" parameterType="ReqDepartmentVO">
		<![CDATA[

                    /*DEPARTMENT.Mapper.xml -- deleteDepartment */
                    DELETE FROM ${DB_OWNER}.DEPARTMENT
                    WHERE 1 = 1
                    AND department_no   = #{ department_no   }


        ]]>
		</delete>

</mapper>