<?xml version="1.0" encoding="UTF-8"?>
<!DOCTYPE mapper PUBLIC "-//mybatis.org//DTD Mapper 3.0//EN" "http://mybatis.org/dtd/mybatis-3-mapper.dtd">
<mapper namespace="emnet.chat.admin.mapper.mst.admin.statistics.StatProductTeamMapper">

    <select id="selectStatProductTeamList" parameterType="ReqStatProductTeamVO" resultType="ResStatProductTeamVO">

        <![CDATA[
        /*  StatProductTeamMapper - selectStatProductTeamList  */
        --팀별 생산성현황 통계조회 화면  (일별)
        SELECT CT.DATA_REG_DTM --상담일자
             ,CT.TEAM_NAME  --상담팀
             ,CT.CONSULT_COUNT --체팅건수
             ,CT.CONSULT_TIME --체팅시간
             ,CT.AVG_CONSULT_TIME --평균체팅시간
             ,${DB_OWNER}.FNC_SECOND_TO_STRING_HH24MI(WT.ETC_TIME_SECOND) ETC_TIME --기타근무시간

        FROM (
                 SELECT USR.SERVICE_NO,
                        TO_CHAR(CON.DATA_REG_DTM,'YYYY-MM-DD') DATA_REG_DTM,
                        TEAM.DEPARTMENT_NAME TEAM_NAME,
                        TEAM.DEPARTMENT_NO TEAM_NO,
                        COUNT(*) CONSULT_COUNT,
                        ${DB_OWNER}.FNC_SECOND_TO_STRING(SUM(ROUND((CON.END_TIME-CON.DISTRIBUTE_TIME)*24*60*60))) CONSULT_TIME,  --체팅시간
                        ${DB_OWNER}.FNC_SECOND_TO_STRING(ROUND(SUM(ROUND((CON.END_TIME-CON.DISTRIBUTE_TIME)*24*60*60))/COUNT(*))) AVG_CONSULT_TIME --평균체팅시간
                 FROM ${DB_OWNER}.CONSULT CON,
                      ${DB_OWNER}.DEPARTMENT TEAM,
                      ${DB_OWNER}.USER_M USR
                 WHERE CON.DEPARTMENT_NO = TEAM.DEPARTMENT_NO
                   AND CON.SERVICE_NO = USR.SERVICE_NO
                   AND CON.USER_NO = USR.USER_NO
                   AND CON.END_TIME is not null
                   AND CON.DISTRIBUTE_TIME is not null
                       ]]>
                   --여기 WHERE절
                   -- AND CON.SERVICE_NO =1
                   -- AND CON.USER_NO = 1
                   -- 팀 및 상담기간
                <if test="!@emnet.chat.admin.common.utils.StringUtils@isEmpty(service_no)">
                    <![CDATA[
                           AND CON.service_no    = #{ service_no     }
                    ]]>
                </if>
                <if test="!@emnet.chat.admin.common.utils.StringUtils@isEmpty(level3_no)">
                    <![CDATA[
                           AND CON.DEPARTMENT_NO    = #{ level3_no     }
                    ]]>
                </if>
                <if test="!@emnet.chat.admin.common.utils.StringUtils@isEmpty(consult_category_no)">
                    <![CDATA[
                           AND CON.consult_category_no    = #{ consult_category_no     }
                    ]]>
                </if>
                <if test="!@emnet.chat.admin.common.utils.StringUtils@isEmpty(sch_start_date)">
                    <![CDATA[
                           AND CON.START_TIME   >= TO_DATE(#{ sch_start_date     },'yyyy-MM-dd')
                    ]]>
                </if>
                <if test="!@emnet.chat.admin.common.utils.StringUtils@isEmpty(sch_end_date)">
                    <![CDATA[
                           AND CON.START_TIME   < TO_DATE(#{ sch_end_date     },'yyyy-MM-dd') +1
                    ]]>
                </if>
                 <![CDATA[
                 GROUP BY USR.SERVICE_NO,
                          TO_CHAR(CON.DATA_REG_DTM,'YYYY-MM-DD'),
                          TEAM.DEPARTMENT_NAME,
                          TEAM.DEPARTMENT_NO
             ) CT,
             (
                 SELECT USR.SERVICE_NO,
                        USR.DEPARTMENT_NO TEAM_NO,
                        SUBSTR(SC.SCHEDULE_DATE,1,4)||'-'||SUBSTR(SC.SCHEDULE_DATE,5,2)||'-'||SUBSTR(SC.SCHEDULE_DATE,7,2) SCHEDULE_DATE,
                        SUM(ROUND((TO_DATE(SC.SCHEDULE_DATE|| SC.LUNCH_END_TIME,'yyyymmddhh24mi') - TO_DATE(SC.SCHEDULE_DATE|| SC.LUNCH_START_TIME,'yyyymmddhh24mi'))*24*60*60)) LUNCH_TIME_SECOND, --중식시간
                        SUM(ROUND((TO_DATE(SC.SCHEDULE_DATE|| SC.REST_END_TIME,'yyyymmddhh24mi') - TO_DATE(SC.SCHEDULE_DATE|| SC.REST_START_TIME,'yyyymmddhh24mi'))*24*60*60)) REST_TIME_SECOND, --휴식시간
                        SUM(${DB_OWNER}.FNC_GET_ETC_MIN(SC.SCHEDULE_DATE,USR.USER_NO )*60) ETC_TIME_SECOND,                                                                                              --기타근무시간
                        SUM((
                                (9*60*60) -                                                                                                                                             --근무시간 9시간 픽스
                                (
                                        ROUND((TO_DATE(SC.SCHEDULE_DATE|| SC.LUNCH_END_TIME,'yyyymmddhh24mi') - TO_DATE(SC.SCHEDULE_DATE|| SC.LUNCH_START_TIME,'yyyymmddhh24mi'))*24*60*60)
                                        +ROUND((TO_DATE(SC.SCHEDULE_DATE|| SC.REST_END_TIME,'yyyymmddhh24mi') - TO_DATE(SC.SCHEDULE_DATE|| SC.REST_START_TIME,'yyyymmddhh24mi'))*24*60*60)
                                        +(${DB_OWNER}.FNC_GET_ETC_MIN(SC.SCHEDULE_DATE,USR.USER_NO )*60)
                                    )
                            )) WORK_TIME_SECOND                                  --근무시간
                 FROM ${DB_OWNER}.USER_M USR,
                      ${DB_OWNER}.USER_SCHEDULE SC
                 WHERE USR.SERVICE_NO = SC.SERVICE_NO
                   AND USR.USER_NO = SC.USER_NO
                   -- 팀,상담기간 조건추가.
                 ]]>
                <if test="!@emnet.chat.admin.common.utils.StringUtils@isEmpty(service_no)">
                    <![CDATA[
                         AND USR.service_no    = #{ service_no     }
                    ]]>
                </if>
                <if test="!@emnet.chat.admin.common.utils.StringUtils@isEmpty(level3_no)">
                    <![CDATA[
                       AND USR.DEPARTMENT_NO    = #{ level3_no     }
                    ]]>
                </if>

                <if test="!@emnet.chat.admin.common.utils.StringUtils@isEmpty(sch_start_date)">
                    <![CDATA[
                                            AND SC.SCHEDULE_DATE   >= REGEXP_REPLACE(#{ sch_start_date },'-','')
                                         ]]>
                </if>
                <if test="!@emnet.chat.admin.common.utils.StringUtils@isEmpty(sch_end_date)">
                    <![CDATA[
                                            AND SC.SCHEDULE_DATE   <= REGEXP_REPLACE(#{ sch_end_date },'-','')
                                        ]]>
                </if>
                 <![CDATA[
                 GROUP BY USR.SERVICE_NO,
                          USR.DEPARTMENT_NO,
                          SUBSTR(SC.SCHEDULE_DATE,1,4)||'-'||SUBSTR(SC.SCHEDULE_DATE,5,2)||'-'||SUBSTR(SC.SCHEDULE_DATE,7,2)
             )WT
        WHERE CT.SERVICE_NO = WT.SERVICE_NO
          AND CT.TEAM_NO = WT.TEAM_NO
          AND CT.DATA_REG_DTM = WT.SCHEDULE_DATE
        ORDER BY DATA_REG_DTM
        ]]>

    </select>


    <select id="selectStatProductTeamSummaryList" parameterType="ReqStatProductTeamVO" resultType="ResStatProductTeamVO">
        <![CDATA[
			/*  StatProductTeamMapper - selectStatProductTeamSummaryList  */
			--팀별 생산성현황 통계조회 화면  (누적)
            SELECT #{sch_start_date }||' ~ '|| #{sch_end_date } as DATA_REG_DTM--상담일자
                 ,CT.TEAM_NAME  --상담팀
                 ,CT.CONSULT_COUNT --체팅건수
                 ,CT.CONSULT_TIME --체팅시간
                 ,CT.AVG_CONSULT_TIME --평균체팅시간
                 ,${DB_OWNER}.FNC_SECOND_TO_STRING_HH24MI(WT.ETC_TIME_SECOND) ETC_TIME --기타근무시간

            FROM (
                     SELECT USR.SERVICE_NO,
                            TEAM.DEPARTMENT_NAME TEAM_NAME,
                            TEAM.DEPARTMENT_NO TEAM_NO,
                            COUNT(*) CONSULT_COUNT,
                            ${DB_OWNER}.FNC_SECOND_TO_STRING(SUM(ROUND((CON.END_TIME-CON.DISTRIBUTE_TIME)*24*60*60))) CONSULT_TIME,  --체팅시간
                            ${DB_OWNER}.FNC_SECOND_TO_STRING(ROUND(SUM(ROUND((CON.END_TIME-CON.DISTRIBUTE_TIME)*24*60*60))/COUNT(*))) AVG_CONSULT_TIME --평균체팅시간
                     FROM ${DB_OWNER}.CONSULT CON,
                          ${DB_OWNER}.DEPARTMENT TEAM,
                          ${DB_OWNER}.USER_M USR
                     WHERE CON.DEPARTMENT_NO = TEAM.DEPARTMENT_NO
                       AND CON.SERVICE_NO = USR.SERVICE_NO
                       AND CON.USER_NO = USR.USER_NO
                        ]]>
                        --여기 WHERE절
                        -- AND CON.SERVICE_NO =1
                        -- AND CON.USER_NO = 1
                        -- 팀 및 상담기간
                        <if test="!@emnet.chat.admin.common.utils.StringUtils@isEmpty(service_no)">
                            <![CDATA[
                                           AND CON.service_no    = #{ service_no     }
                                    ]]>
                        </if>
                        <if test="!@emnet.chat.admin.common.utils.StringUtils@isEmpty(level3_no)">
                            <![CDATA[
                                           AND CON.DEPARTMENT_NO    = #{ level3_no     }
                                    ]]>
                        </if>
                        <if test="!@emnet.chat.admin.common.utils.StringUtils@isEmpty(consult_category_no)">
                            <![CDATA[
                                           AND CON.consult_category_no    = #{ consult_category_no     }
                                    ]]>
                        </if>
                        <if test="!@emnet.chat.admin.common.utils.StringUtils@isEmpty(sch_start_date)">
                            <![CDATA[
                                           AND CON.START_TIME   >= TO_DATE(#{ sch_start_date     },'yyyy-MM-dd')
                                    ]]>
                        </if>
                        <if test="!@emnet.chat.admin.common.utils.StringUtils@isEmpty(sch_end_date)">
                            <![CDATA[
                                           AND CON.START_TIME   < TO_DATE(#{ sch_end_date     },'yyyy-MM-dd') +1
                                    ]]>
                        </if>
                        <![CDATA[

                     GROUP BY USR.SERVICE_NO,
                              TEAM.DEPARTMENT_NAME,
                              TEAM.DEPARTMENT_NO
                 ) CT,
                 (
                     SELECT USR.SERVICE_NO,
                            USR.DEPARTMENT_NO TEAM_NO,
                            SUM(ROUND((TO_DATE(SC.SCHEDULE_DATE|| SC.LUNCH_END_TIME,'yyyymmddhh24mi') - TO_DATE(SC.SCHEDULE_DATE|| SC.LUNCH_START_TIME,'yyyymmddhh24mi'))*24*60*60)) LUNCH_TIME_SECOND, --중식시간
                            SUM(ROUND((TO_DATE(SC.SCHEDULE_DATE|| SC.REST_END_TIME,'yyyymmddhh24mi') - TO_DATE(SC.SCHEDULE_DATE|| SC.REST_START_TIME,'yyyymmddhh24mi'))*24*60*60)) REST_TIME_SECOND, --휴식시간
                            SUM(${DB_OWNER}.FNC_GET_ETC_MIN(SC.SCHEDULE_DATE,USR.USER_NO )*60) ETC_TIME_SECOND,                                                                                              --기타근무시간
                            SUM((
                                    (9*60*60) -                                                                                                                                             --근무시간 9시간 픽스
                                    (
                                            ROUND((TO_DATE(SC.SCHEDULE_DATE|| SC.LUNCH_END_TIME,'yyyymmddhh24mi') - TO_DATE(SC.SCHEDULE_DATE|| SC.LUNCH_START_TIME,'yyyymmddhh24mi'))*24*60*60)
                                            +ROUND((TO_DATE(SC.SCHEDULE_DATE|| SC.REST_END_TIME,'yyyymmddhh24mi') - TO_DATE(SC.SCHEDULE_DATE|| SC.REST_START_TIME,'yyyymmddhh24mi'))*24*60*60)
                                            +(${DB_OWNER}.FNC_GET_ETC_MIN(SC.SCHEDULE_DATE,USR.USER_NO )*60)
                                        )
                                )) WORK_TIME_SECOND                                  --근무시간
                     FROM ${DB_OWNER}.USER_M USR,
                          ${DB_OWNER}.USER_SCHEDULE SC
                     WHERE USR.SERVICE_NO = SC.SERVICE_NO
                       AND USR.USER_NO = SC.USER_NO
                    ]]>
                    <if test="!@emnet.chat.admin.common.utils.StringUtils@isEmpty(service_no)">
                        <![CDATA[
                                     AND USR.service_no    = #{ service_no     }
                                ]]>
                    </if>
                    <if test="!@emnet.chat.admin.common.utils.StringUtils@isEmpty(level3_no)">
                        <![CDATA[
                                   AND USR.DEPARTMENT_NO    = #{ level3_no     }
                                ]]>
                    </if>

                    <if test="!@emnet.chat.admin.common.utils.StringUtils@isEmpty(sch_start_date)">
                        <![CDATA[
                                    AND SC.SCHEDULE_DATE   >= REGEXP_REPLACE(#{ sch_start_date },'-','')
                                 ]]>
                    </if>
                    <if test="!@emnet.chat.admin.common.utils.StringUtils@isEmpty(sch_end_date)">
                        <![CDATA[
                                    AND SC.SCHEDULE_DATE   <= REGEXP_REPLACE(#{ sch_end_date },'-','')
                                ]]>
                    </if>
                <![CDATA[
                     GROUP BY USR.SERVICE_NO,
                              USR.DEPARTMENT_NO

                 )WT
            WHERE CT.SERVICE_NO = WT.SERVICE_NO
              AND CT.TEAM_NO = WT.TEAM_NO



		]]>


    </select>

</mapper>