<?xml version="1.0" encoding="UTF-8"?>
<!DOCTYPE mapper PUBLIC "-//mybatis.org//DTD Mapper 3.0//EN" "http://mybatis.org/dtd/mybatis-3-mapper.dtd">
<mapper namespace="emnet.chat.admin.mapper.mst.admin.statistics.StatAnswerMapper">


    <select id="selectStatAnswerList" parameterType="ReqStatAnswerVO" resultType="ResStatAnswerVO">
        <![CDATA[
			/*StatAnswerMapper.xml -- selectStatAnswerList */
			SELECT ROWNUM as id , A.*
			FROM
			(
			SELECT CON.consult_no
			     , CON.consult_date_str
                 , CON.user_no
                 , TO_CHAR(CON.chat_start_time,'yyyy-MM-dd hh24:mi:ss')  as chat_start_time
                 , TO_CHAR( CON.end_time,'yyyy-MM-dd hh24:mi:ss')        as end_time
                 , ${DB_OWNER}.FNC_TIME_DIFF_TO_STRING(CON.CHAT_START_TIME, CON.END_TIME) chat_time_diff
                 , DEPT.level3_name
                 , CUS.NAME                                customer_name
                 , CUS.USER_ID                             customer_id
                 , U.NAME                                  user_name
                 , U.EMP_NO
                 , NVL2(ANS.CONSULT_NO, 'Y', 'N')          answer_yn
                 , NVL(ANS.PRECISION_RESULT, 0)            precision_result
                 , NVL(ANS.IMMEDIACY_RESULT, 0)            immediacy_result
                 , NVL(ANS.POSITIVITY_RESULT, 0)           positivity_result
                 , NVL(ANS.OVERALL_RESULT, 0)              overall_result
                 , NVL2(EXTRA_MESSAGE_01, EXTRA_MESSAGE_01, ' ') extra_message_01
                 , NVL2(EXTRA_MESSAGE_02, EXTRA_MESSAGE_02, ' ') extra_message_02
                 , NVL2(EXTRA_MESSAGE_03, EXTRA_MESSAGE_03, ' ') extra_message_03
                 , NVL2(EXTRA_MESSAGE_04, EXTRA_MESSAGE_04, ' ') extra_message_04
                 , NVL2(EXTRA_MESSAGE_05, EXTRA_MESSAGE_05, ' ') extra_message_05
            FROM ${DB_OWNER}.CONSULT CON,
                 ${DB_OWNER}.USER_M U,
                 ${DB_OWNER}.V_DEPT DEPT,
                 ${DB_OWNER}.CUSTOMER CUS,
                 (
                     SELECT A.SERVICE_NO,
                            A.CONSULT_NO,
                            SUM(CASE WHEN Q.QUESTION_TYPE = 'PRECISION' THEN A.ANSWER_RESULT ELSE 0 END)  PRECISION_RESULT,
                            SUM(CASE WHEN Q.QUESTION_TYPE = 'IMMEDIACY' THEN A.ANSWER_RESULT ELSE 0 END)  IMMEDIACY_RESULT,
                            SUM(CASE WHEN Q.QUESTION_TYPE = 'POSITIVITY' THEN A.ANSWER_RESULT ELSE 0 END) POSITIVITY_RESULT,
                            SUM(CASE WHEN Q.QUESTION_TYPE = 'OVERALL' THEN A.ANSWER_RESULT ELSE 0 END)    OVERALL_RESULT,
                            MAX(CASE
                                    WHEN A.ANSWER_NO = 0 AND Q.QUESTION_TYPE = 'EXTRA' THEN A.ANSWER_MESSAGE
                                    ELSE '' END)                                                          EXTRA_MESSAGE_01,
                            MAX(CASE
                                    WHEN A.ANSWER_NO = 1 AND Q.QUESTION_TYPE = 'EXTRA' THEN A.ANSWER_MESSAGE
                                    ELSE '' END)                                                          EXTRA_MESSAGE_02,
                            MAX(CASE
                                    WHEN A.ANSWER_NO = 2 AND Q.QUESTION_TYPE = 'EXTRA' THEN A.ANSWER_MESSAGE
                                    ELSE '' END)                                                          EXTRA_MESSAGE_03,
                            MAX(CASE
                                    WHEN A.ANSWER_NO = 3 AND Q.QUESTION_TYPE = 'EXTRA' THEN A.ANSWER_MESSAGE
                                    ELSE '' END)                                                          EXTRA_MESSAGE_04,
                            MAX(CASE
                                    WHEN A.ANSWER_NO = 4 AND Q.QUESTION_TYPE = 'EXTRA' THEN A.ANSWER_MESSAGE
                                    ELSE '' END)                                                          EXTRA_MESSAGE_05
                     FROM ${DB_OWNER}.CONSULT_RESULT A,
                          ${DB_OWNER}.CONSULT_CONF_QUESTION Q
                     WHERE A.SERVICE_NO = Q.SERVICE_NO
                       AND A.QUESTION_NO = Q.QUESTION_NO
                     GROUP BY A.SERVICE_NO, A.CONSULT_NO) ANS
            WHERE 1 = 1
              AND CON.SERVICE_NO = ANS.SERVICE_NO(+)
              and CON.CONSULT_NO = ANS.CONSULT_NO(+)
              AND CON.DEPARTMENT_NO = DEPT.LEVEL3_NO
              AND CON.USER_NO = U.USER_NO
              AND CON.CHAT_START_TIME IS NOT NULL
              AND CON.END_TYPE NOT IN ('BUSY', 'WAITING')
              and CON.CUSTOMER_NO = CUS.CUSTOMER_NO
		]]>
        <if test="!@emnet.chat.admin.common.utils.StringUtils@isEmpty(service_no)">
            <![CDATA[
		 		   AND CON.service_no    = #{ service_no     }
			]]>
        </if>
        <if test="!@emnet.chat.admin.common.utils.StringUtils@isEmpty(department_no)">
            <![CDATA[
		 		   AND CON.department_no    = #{ department_no     }
			]]>
        </if>

        <if test="!@emnet.chat.admin.common.utils.StringUtils@isEmpty(consult_category_no)">
            <![CDATA[
		 		   AND CON.consult_category_no    = #{ consult_category_no     }
			]]>
        </if>

        <if test="!@emnet.chat.admin.common.utils.StringUtils@isEmpty(level1_no)">
            <![CDATA[
		 		   AND DEPT.level1_no    = #{ level1_no     }
			]]>
        </if>
        <if test="!@emnet.chat.admin.common.utils.StringUtils@isEmpty(level2_no)">
            <![CDATA[
		 		   AND DEPT.level2_no    = #{ level2_no     }
			]]>
        </if>

        <if test="!@emnet.chat.admin.common.utils.StringUtils@isEmpty(level3_no)">
            <![CDATA[
		 		   AND DEPT.level3_no    = #{ level3_no     }
			]]>
        </if>

        <if test="!@emnet.chat.admin.common.utils.StringUtils@isEmpty(user_no)">
            <![CDATA[
		 		   AND CON.USER_NO    = #{ user_no     }
			]]>
        </if>
        <if test="!@emnet.chat.admin.common.utils.StringUtils@isEmpty(sch_start_date)">
            <![CDATA[
		 		   AND CON.consult_date_str   >= #{ sch_start_date     }
			]]>
        </if>
        <if test="!@emnet.chat.admin.common.utils.StringUtils@isEmpty(sch_end_date)">
            <![CDATA[
		 		   AND CON.consult_date_str   <= #{ sch_end_date     }
			]]>
        </if>


        <![CDATA[

                ORDER BY 1 desc

            ) A
            WHERE ROWNUM < 1000
        ]]>

    </select>





</mapper>