<?xml version="1.0" encoding="UTF-8"?>
<!DOCTYPE mapper PUBLIC "-//mybatis.org//DTD Mapper 3.0//EN" "http://mybatis.org/dtd/mybatis-3-mapper.dtd">
<mapper namespace="emnet.chat.admin.mapper.mst.admin.statistics.StatCustomerMapper">


    <select id="selectStatCustomerList" parameterType="ReqStatCustomerVO" resultType="ResStatCustomerVO">
        <![CDATA[
			/*StatCustomerMapper.xml -- selectStatCustomerList */
			SELECT A.*
                  , ROWNUM AS id
            FROM (
                    SELECT TO_CHAR(CON.START_TIME, 'YYYY-MM-DD') consult_date
                         , TO_CHAR(CON.CHAT_START_TIME, 'HH24:mi:ss') chat_start_time_str
                         , TO_CHAR(NVL(CON.END_TIME,sysdate), 'HH24:mi:ss')        chat_end_time_str
                         , DEPT.level1_name
                         , DEPT.level2_name
                         , DEPT.level3_name
                         , U.NAME                                     user_name
                         , U.emp_no
                         , CUS.USER_ID customer_id
                         , ${DB_OWNER}.FNC_COM_CODE_NM('CONSULT_INCOME_TYPE',CON.INCOME_TYPE) income_nm
                         , ${DB_OWNER}.FNC_COM_CODE_NM('CONSULT_AUTH_CD',CON.AUTH_CD) auth_nm
                         , CAT.TITLE category_name
                         , CON.CONSULT_MEMO
                         , ${DB_OWNER}.FNC_TIME_DIFF_TO_STRING(CON.CHAT_START_TIME , NVL(CON.END_TIME,sysdate)) chat_time_diff
                    FROM ${DB_OWNER}.CONSULT CON,
                         ${DB_OWNER}.V_DEPT DEPT,
                         ${DB_OWNER}.USER_M U ,
                         ${DB_OWNER}.CUSTOMER CUS,
                         ${DB_OWNER}.CONSULT_CATEGORY CAT
                    WHERE CON.DEPARTMENT_NO = DEPT.LEVEL3_NO
                      AND CON.USER_NO = U.USER_NO
                      AND CON.CUSTOMER_NO = CUS.CUSTOMER_NO
                      AND CON.CONSULT_CATEGORY_NO = CAT.CONSULT_CATEGORY_NO
                      AND CON.CHAT_START_TIME is not null

		]]>
        <if test="!@emnet.chat.admin.common.utils.StringUtils@isEmpty(service_no)">
            <![CDATA[
		 		   AND CON.service_no    = #{ service_no     }
			]]>
        </if>
        <if test="!@emnet.chat.admin.common.utils.StringUtils@isEmpty(department_no)">
            <![CDATA[
		 		   AND CON.department_no    = #{ department_no     }
			]]>
        </if>
        <if test="!@emnet.chat.admin.common.utils.StringUtils@isEmpty(consult_category_no)">
            <![CDATA[
		 		   AND CON.consult_category_no    = #{ consult_category_no     }
			]]>
        </if>
        <if test="!@emnet.chat.admin.common.utils.StringUtils@isEmpty(level1_no)">
            <![CDATA[
		 		   AND DEPT.level1_no    = #{ level1_no     }
			]]>
        </if>
        <if test="!@emnet.chat.admin.common.utils.StringUtils@isEmpty(level2_no)">
            <![CDATA[
		 		   AND DEPT.level2_no    = #{ level2_no     }
			]]>
        </if>

        <if test="!@emnet.chat.admin.common.utils.StringUtils@isEmpty(level3_no)">
            <![CDATA[
		 		   AND DEPT.level3_no    = #{ level3_no     }
			]]>
        </if>

        <if test="!@emnet.chat.admin.common.utils.StringUtils@isEmpty(user_no)">
            <![CDATA[
		 		   AND CON.USER_NO    = #{ user_no     }
			]]>
        </if>
        <if test="!@emnet.chat.admin.common.utils.StringUtils@isEmpty(sch_start_date)">
            <![CDATA[
		 		   AND TO_CHAR(CON.START_TIME, 'YYYY-MM-DD')   >= #{ sch_start_date     }
			]]>
        </if>

        <if test="!@emnet.chat.admin.common.utils.StringUtils@isEmpty(sch_end_date)">
            <![CDATA[
		 		   AND TO_CHAR(CON.START_TIME, 'YYYY-MM-DD')   <= #{ sch_end_date     }
			]]>
        </if>

        <![CDATA[
         ORDER BY CON.CONSULT_NO desc
        ) A
        WHERE ROWNUM <= 1000
        ]]>

    </select>


</mapper>