<?xml version="1.0" encoding="UTF-8"?>
<!DOCTYPE mapper PUBLIC "-//mybatis.org//DTD Mapper 3.0//EN" "http://mybatis.org/dtd/mybatis-3-mapper.dtd">
<mapper namespace="emnet.chat.admin.mapper.mst.admin.statistics.StatProductTermMapper">

    <select id="selectStatProductTermList" parameterType="ReqStatProductTermVO" resultType="ResStatProductTermVO">
        <![CDATA[
        SELECT #{sch_start_date}||' ~ '|| #{sch_end_date} as DATA_REG_DTM--조건추가 --상담일자
             ,CT.TEAM_NAME  --상담팀
             ,CT.EMP_NO      --사번
             ,CT.USER_NAME    --상담사
             ,TRUNC((WT.WORK_TIME_SECOND- NVL(AT.AWAY_TIME_SECOND,0))/WT.WORK_TIME_SECOND*100,1) EXEC_RATE  --이행율
             ,(
            SELECT SUM((SELECT  NVL(MAX(CASE WHEN REST_TYPE = '10' THEN 0
                                             WHEN REST_TYPE = '20' OR REST_TYPE = '30' THEN 0.5
                                             WHEN REST_TYPE = '40' OR REST_TYPE = '50' OR REST_TYPE = '60' THEN 0.75
                END),1) REST_POINT
                        FROM ${DB_OWNER}.USER_REST UR
                        WHERE UR.SERVICE_NO=CT.SERVICE_NO
                          AND UR.USER_NO = CT.USER_NO
                          AND TO_DATE(DT.STR_DT,'YYYY-MM-DD') BETWEEN UR.START_TIME AND UR.END_TIME) ) WORK_TIME_POINT
            FROM (SELECT TO_CHAR(TO_DATE('2020-09-01','YYYY-MM-DD')+(ROWNUM-1),'YYYY-MM-DD') STR_DT   --조건 추가
                  FROM DICT
                  WHERE ROWNUM <= (TO_DATE('2020-09-23','YYYY-MM-DD') - TO_DATE('2020-09-01','YYYY-MM-DD'))+1)DT  --조건 추가
        ) WORK_TIME_POINT                          --근무일수
             ,TRUNC(CT.CONSULT_COUNT/(WT.WORK_TIME_SECOND/60/60),1) TIME_PER_CHT_COUNT   --시간당 채팅건수
             ,CT.CONSULT_COUNT --체팅건수
             ,CT.CONSULT_TIME --체팅시간
        FROM (
                 SELECT USR.SERVICE_NO,
                        USR.USER_NO,
                        --TO_CHAR(CON.DATA_REG_DTM,'YYYY-MM-DD') DATA_REG_DTM,  --삭제
                        TEAM.DEPARTMENT_NAME TEAM_NAME,
                        USR.NAME USER_NAME,
                        USR.EMP_NO,
                        COUNT(*) CONSULT_COUNT,
                        ${DB_OWNER}.FNC_SECOND_TO_STRING(SUM(ROUND((CON.END_TIME-CON.DISTRIBUTE_TIME)*24*60*60))) CONSULT_TIME  --체팅시간
                 FROM ${DB_OWNER}.CONSULT CON,
                      ${DB_OWNER}.DEPARTMENT TEAM,
                      ${DB_OWNER}.USER_M USR
                 WHERE CON.DEPARTMENT_NO = TEAM.DEPARTMENT_NO
                   AND CON.SERVICE_NO = USR.SERVICE_NO
                   AND CON.USER_NO = USR.USER_NO

                    ]]>
                    <if test="!@emnet.chat.admin.common.utils.StringUtils@isEmpty(service_no)">
                        <![CDATA[
                                           AND CON.service_no    = #{ service_no     }
                                    ]]>
                    </if>
                    <if test="!@emnet.chat.admin.common.utils.StringUtils@isEmpty(level3_no)">
                        <![CDATA[
                                           AND CON.DEPARTMENT_NO    = #{ level3_no     }
                                    ]]>
                    </if>
                    <if test="!@emnet.chat.admin.common.utils.StringUtils@isEmpty(consult_category_no)">
                        <![CDATA[
                                           AND CON.consult_category_no    = #{ consult_category_no     }
                                    ]]>
                    </if>
                    <if test="!@emnet.chat.admin.common.utils.StringUtils@isEmpty(user_no)">
                        <![CDATA[
                                           AND CON.user_no    = #{ user_no     }
                                    ]]>
                    </if>
                    <if test="!@emnet.chat.admin.common.utils.StringUtils@isEmpty(sch_start_date)">
                        <![CDATA[
                                                   AND CON.consult_date_str   >= #{ sch_start_date     }
                                            ]]>
                    </if>
                    <if test="!@emnet.chat.admin.common.utils.StringUtils@isEmpty(sch_end_date)">
                        <![CDATA[
                                                   AND CON.consult_date_str   <= #{ sch_end_date     }
                                            ]]>
                    </if>
                    <![CDATA[
                   --여기 WHERE절
                   -- AND CON.SERVICE_NO =1
                   -- AND CON.USER_NO = 1
                   -- 팀 및 상담기간

                 GROUP BY USR.SERVICE_NO,
                          USR.USER_NO,
                          -- TO_CHAR(CON.DATA_REG_DTM,'YYYY-MM-DD'),  --삭제
                          TEAM.DEPARTMENT_NAME,
                          USR.NAME,
                          USR.EMP_NO) CT,
             (
                 SELECT SBT1.SERVICE_NO --추가
                      ,SBT1.USER_NO  --추가
                      ,SUM(WORK_TIME_SECOND) WORK_TIME_SECOND  --추가
                 FROM  --추가
                       (SELECT USR.SERVICE_NO,
                               USR.USER_NO,
                               --SUBSTR(SC.SCHEDULE_DATE,1,4)||'-'||SUBSTR(SC.SCHEDULE_DATE,5,2)||'-'||SUBSTR(SC.SCHEDULE_DATE,7,2) SCHEDULE_DATE,   --삭제
                               (  --추가
                                       (9*60*60) -         --근무시간 9시간 픽스
                                       (
                                               ROUND((TO_DATE(SC.SCHEDULE_DATE|| SC.LUNCH_END_TIME,'yyyymmddhh24mi') - TO_DATE(SC.SCHEDULE_DATE|| SC.LUNCH_START_TIME,'yyyymmddhh24mi'))*24*60*60)
                                               +ROUND((TO_DATE(SC.SCHEDULE_DATE|| SC.REST_END_TIME,'yyyymmddhh24mi') - TO_DATE(SC.SCHEDULE_DATE|| SC.REST_START_TIME,'yyyymmddhh24mi'))*24*60*60)
                                               +(${DB_OWNER}.FNC_GET_ETC_MIN(SC.SCHEDULE_DATE,USR.USER_NO )*60)
                                           )

                                   ) WORK_TIME_SECOND                                  --근무시간
                        FROM ${DB_OWNER}.USER_M USR,
                             ${DB_OWNER}.USER_SCHEDULE SC
                        WHERE USR.SERVICE_NO = SC.SERVICE_NO
                          AND USR.USER_NO = SC.USER_NO
                       )SBT1  --추가
                 GROUP BY  SBT1.SERVICE_NO  --추가
                        ,SBT1.USER_NO  --추가

                 -- 팀,상담사,상담기간 조건추가.
             )WT,
             (
                 SELECT WSH.SERVICE_NO,
                        WSH.USER_NO,
                        --TO_CHAR(WSH.START_DATE, 'YYYY-MM-DD') START_DATE,   --삭제
                        TRUNC(SUM((WSH.END_DATE - WSH.START_DATE)*24*60*60)) AWAY_TIME_SECOND
                 FROM ${DB_OWNER}.WORK_STATUS_HISTORY WSH
                      --서비스번호,유저NO 상담기간 검색조건추가
                 WHERE WSH.WORK_STATUS_TYPE IN ('ETC','AWAY')


                    ]]>
                    <if test="!@emnet.chat.admin.common.utils.StringUtils@isEmpty(service_no)">
                        <![CDATA[
                                   AND WSH.service_no    = #{ service_no     }
                                ]]>
                    </if>
                    <if test="!@emnet.chat.admin.common.utils.StringUtils@isEmpty(user_no)">
                        <![CDATA[
                                   AND WSH.user_no   = #{ user_no     }
                                ]]>
                    </if>
                    <if test="!@emnet.chat.admin.common.utils.StringUtils@isEmpty(sch_start_date)">
                        <![CDATA[
                                       AND WSH.START_DATE   >= TO_DATE(#{ sch_start_date     },'YYYY-MM-DD')
                                ]]>
                    </if>
                    <if test="!@emnet.chat.admin.common.utils.StringUtils@isEmpty(sch_end_date)">
                        <![CDATA[
                                       AND WSH.START_DATE   < TO_DATE(#{ sch_end_date     },'YYYY-MM-DD') +1
                                ]]>
                    </if>
                    <![CDATA[

                   AND WSH.SERVICE_NO = 1
                   AND WSH.USER_NO = 1
                   --    AND WSH.START_DATE BETWEEN TO_DATE(CT.DATA_REG_DTM,'YYYY-MM-DD') AND TO_DATE(CT.DATA_REG_DTM || ' 235959','YYYY-MM-DD HH24MISS')
                 GROUP BY WSH.SERVICE_NO,
                          WSH.USER_NO
                 --TO_CHAR(WSH.START_DATE, 'YYYY-MM-DD')    --삭제
             )AT
        WHERE CT.SERVICE_NO = WT.SERVICE_NO(+)
          AND CT.USER_NO = WT.USER_NO(+)
          --AND CT.DATA_REG_DTM = WT.SCHEDULE_DATE(+)  --삭제
          AND CT.SERVICE_NO = AT.SERVICE_NO(+)
          AND CT.USER_NO = AT.USER_NO(+)
            --AND CT.DATA_REG_DTM = AT.START_DATE (+) --삭제
        ]]>


    </select>

    <!--<select id="selectStatProductTermList" parameterType="ReqStatProductTermVO" resultType="ResStatProductTermVO">

        <![CDATA[
            /* StatProductTermMapper.xml - selectStatProductTermList */
        &#45;&#45;기간별 생산성현황 통계조회 화면
        SELECT #{sch_start_date}||' ~ '|| #{sch_end_date} as DATA_REG_DTM&#45;&#45;조건추가 &#45;&#45;상담일자
             ,CT.TEAM_NAME  &#45;&#45;상담팀
             ,CT.EMP_NO      &#45;&#45;사번
             ,CT.USER_NAME    &#45;&#45;상담사
             ,TRUNC((WT.WORK_TIME_SECOND- NVL(AT.AWAY_TIME_SECOND,0))/WT.WORK_TIME_SECOND*100,1) EXEC_RATE  &#45;&#45;이행율
             ,(SELECT SUM((SELECT  NVL(MAX(CASE WHEN REST_TYPE = '10' THEN 0
                                                WHEN REST_TYPE = '20' OR REST_TYPE = '30' THEN 0.5
                                                WHEN REST_TYPE = '40' OR REST_TYPE = '50' OR REST_TYPE = '60' THEN 0.75
                                            END),1) REST_POINT
               FROM USER_REST UR
               WHERE UR.SERVICE_NO=CT.SERVICE_NO
                 AND UR.USER_NO = CT.USER_NO
                 AND TO_DATE(DT.STR_DT,'YYYY-MM-DD') BETWEEN UR.START_TIME AND UR.END_TIME) ) WORK_TIME_POINT
               FROM (SELECT TO_CHAR(TO_DATE(#{sch_start_date},'YYYY-MM-DD')+(ROWNUM-1),'YYYY-MM-DD') STR_DT   &#45;&#45;조건 추가
                     FROM DICT
                     WHERE ROWNUM <= (TO_DATE(#{sch_end_date},'YYYY-MM-DD') - TO_DATE('2020-09-01','YYYY-MM-DD'))+1)DT  &#45;&#45;조건 추가
                     ) WORK_TIME_POINT                          &#45;&#45;근무일수
             ,TRUNC(CT.CONSULT_COUNT/(WT.WORK_TIME_SECOND/60/60),1) TIME_PER_CHT_COUNT   &#45;&#45;시간당 채팅건수
             ,CT.CONSULT_COUNT &#45;&#45;체팅건수
             ,CT.CONSULT_TIME &#45;&#45;체팅시간
        FROM (
                 SELECT USR.SERVICE_NO,
                        USR.USER_NO,
                        TO_CHAR(CON.DATA_REG_DTM,'YYYY-MM-DD') DATA_REG_DTM,
                        TEAM.DEPARTMENT_NAME TEAM_NAME,
                        USR.NAME USER_NAME,
                        USR.EMP_NO,
                        COUNT(*) CONSULT_COUNT,
                        FNC_SECOND_TO_STRING(SUM(ROUND((CON.END_TIME-CON.DISTRIBUTE_TIME)*24*60*60))) CONSULT_TIME  &#45;&#45;체팅시간

                 FROM CONSULT CON,
                      DEPARTMENT TEAM,
                      USER_M USR
                 WHERE CON.DEPARTMENT_NO = TEAM.DEPARTMENT_NO
                   AND CON.SERVICE_NO = USR.SERVICE_NO
                   AND CON.USER_NO = USR.USER_NO
                   ]]>
                    <if test="!@emnet.chat.admin.common.utils.StringUtils@isEmpty(service_no)">
                        <![CDATA[
                               AND CON.service_no    = #{ service_no     }
                        ]]>
                    </if>
                    <if test="!@emnet.chat.admin.common.utils.StringUtils@isEmpty(level3_no)">
                        <![CDATA[
                               AND CON.DEPARTMENT_NO    = #{ level3_no     }
                        ]]>
                    </if>
                    <if test="!@emnet.chat.admin.common.utils.StringUtils@isEmpty(consult_category_no)">
                        <![CDATA[
                               AND CON.consult_category_no    = #{ consult_category_no     }
                        ]]>
                    </if>
                    <if test="!@emnet.chat.admin.common.utils.StringUtils@isEmpty(user_no)">
                        <![CDATA[
                               AND CON.user_no    = #{ user_no     }
                        ]]>
                    </if>
                    <if test="!@emnet.chat.admin.common.utils.StringUtils@isEmpty(sch_start_date)">
                        <![CDATA[
                                       AND CON.consult_date_str   >= #{ sch_start_date     }
                                ]]>
                    </if>
                    <if test="!@emnet.chat.admin.common.utils.StringUtils@isEmpty(sch_end_date)">
                        <![CDATA[
                                       AND CON.consult_date_str   <= #{ sch_end_date     }
                                ]]>
                    </if>
                   <![CDATA[
                   &#45;&#45;여기 WHERE절
                   &#45;&#45; AND CON.SERVICE_NO =1
                   &#45;&#45; AND CON.USER_NO = 1
                   &#45;&#45; 팀 및 상담기간

                 GROUP BY USR.SERVICE_NO,
                          USR.USER_NO,
                          TO_CHAR(CON.DATA_REG_DTM,'YYYY-MM-DD'),
                          TEAM.DEPARTMENT_NAME,
                          USR.NAME,
                          USR.EMP_NO) CT,
             (
                 SELECT USR.SERVICE_NO,
                        USR.USER_NO,
                        SUBSTR(SC.SCHEDULE_DATE,1,4)||'-'||SUBSTR(SC.SCHEDULE_DATE,5,2)||'-'||SUBSTR(SC.SCHEDULE_DATE,7,2) SCHEDULE_DATE,
                        (
                                (9*60*60) -         &#45;&#45;근무시간 9시간 픽스
                                (
                                        ROUND((TO_DATE(SC.SCHEDULE_DATE|| SC.LUNCH_END_TIME,'yyyymmddhh24mi') - TO_DATE(SC.SCHEDULE_DATE|| SC.LUNCH_START_TIME,'yyyymmddhh24mi'))*24*60*60)
                                        +ROUND((TO_DATE(SC.SCHEDULE_DATE|| SC.REST_END_TIME,'yyyymmddhh24mi') - TO_DATE(SC.SCHEDULE_DATE|| SC.REST_START_TIME,'yyyymmddhh24mi'))*24*60*60)
                                        +(FNC_GET_ETC_MIN(SC.SCHEDULE_DATE,USR.USER_NO )*60)
                                    )
                            ) WORK_TIME_SECOND                                  &#45;&#45;근무시간
                 FROM USER_M USR,
                      USER_SCHEDULE SC
                 WHERE USR.SERVICE_NO = SC.SERVICE_NO
                   AND USR.USER_NO = SC.USER_NO
                 &#45;&#45; 팀,상담사,상담기간 조건추가.
             )WT,
             (
                 SELECT WSH.SERVICE_NO,
                        WSH.USER_NO,
                        TO_CHAR(WSH.START_DATE, 'YYYY-MM-DD') START_DATE,
                        TRUNC(SUM((WSH.END_DATE - WSH.START_DATE)*24*60*60)) AWAY_TIME_SECOND
                 FROM WORK_STATUS_HISTORY WSH
                      &#45;&#45;서비스번호,유저NO 상담기간 검색조건추가
                 WHERE WSH.WORK_STATUS_TYPE IN ('ETC','AWAY')
                 ]]>
                <if test="!@emnet.chat.admin.common.utils.StringUtils@isEmpty(service_no)">
                    <![CDATA[
                       AND WSH.service_no    = #{ service_no     }
                    ]]>
                </if>
                <if test="!@emnet.chat.admin.common.utils.StringUtils@isEmpty(user_no)">
                    <![CDATA[
                       AND WSH.user_no   = #{ user_no     }
                    ]]>
                </if>
                <if test="!@emnet.chat.admin.common.utils.StringUtils@isEmpty(sch_start_date)">
                    <![CDATA[
                           AND WSH.START_DATE   >= TO_DATE(#{ sch_start_date     },'YYYY-MM-DD')
                    ]]>
                </if>
                <if test="!@emnet.chat.admin.common.utils.StringUtils@isEmpty(sch_end_date)">
                    <![CDATA[
                           AND WSH.START_DATE   < TO_DATE(#{ sch_end_date     },'YYYY-MM-DD') +1
                    ]]>
                </if>
                   <![CDATA[
                       &#45;&#45;    AND WSH.SERVICE_NO = 1
                       &#45;&#45;    AND WSH.USER_NO = 1
                       &#45;&#45;    AND WSH.START_DATE BETWEEN TO_DATE(CT.DATA_REG_DTM,'YYYY-MM-DD') AND TO_DATE(CT.DATA_REG_DTM || ' 235959','YYYY-MM-DD HH24MISS')
                 GROUP BY WSH.SERVICE_NO,
                          WSH.USER_NO,
                          TO_CHAR(WSH.START_DATE, 'YYYY-MM-DD')
             )AT
        WHERE CT.SERVICE_NO = WT.SERVICE_NO
          AND CT.USER_NO = WT.USER_NO
          AND CT.DATA_REG_DTM = WT.SCHEDULE_DATE
          AND CT.SERVICE_NO = AT.SERVICE_NO(+)
          AND CT.USER_NO = AT.USER_NO(+)
          AND CT.DATA_REG_DTM = AT.START_DATE (+)

        ]]>

    </select>-->




</mapper>