<?xml version="1.0" encoding="UTF-8"?>
<!DOCTYPE mapper PUBLIC "-//mybatis.org//DTD Mapper 3.0//EN" "http://mybatis.org/dtd/mybatis-3-mapper.dtd">
<mapper namespace="emnet.chat.admin.mapper.mst.admin.statistics.StatNotAccessMapper">


    <select id="selectStatNotAccessList" parameterType="ReqStatNotAccessVO" resultType="ResStatNotAccessVO">
        <![CDATA[
			/*StatNotAccessMapper.xml -- selectStatNotAccessList */
			SELECT      A.consult_date
                    ,   A.consult_hour || ' ~ ' || LPAD(CAST(A.consult_hour as number) + 1, 2, '0') consult_hour
                    ,   A.chat_req_cnt , A.not_distribute_customer_cnt , A.not_distribute_delay_cnt , A.not_Response_rate
                    ,   A.end_cnt
                    , ROWNUM as id
			FROM
			(
                    SELECT CON.CONSULT_DATE_STR || ' (' || FNC_COM_CODE_NM('WEEK_CD',TO_CHAR(TO_DATE(CON.CONSULT_DATE_STR , 'YYYY-MM-DD') ,'d')) || ')' consult_date
                         , TO_CHAR(CON.START_TIME, 'hh24')                                                   consult_hour
                         , COUNT(*)                                                                          chat_req_cnt
                         , sum(CASE WHEN DEPARTMENT_NO is not null and END_TYPE NOT IN ('CUSTOMER' , 'WAITING') then 1 else 0 end)   end_cnt
                         , sum(CASE WHEN DEPARTMENT_NO is null and END_TYPE= 'CUSTOMER' then 1 else 0 end)   not_distribute_customer_cnt
                         , sum(CASE WHEN DEPARTMENT_NO is null and END_TYPE= 'WAITING' then 1 else 0 end)    not_distribute_delay_cnt
                         , TRUNC(sum(CASE WHEN DEPARTMENT_NO is null then 1 else 0 end) / COUNT(*), 3) * 100 not_Response_rate
                    FROM CONSULT CON
                    WHERE 1 = 1
                ]]>
        <if test="!@emnet.chat.admin.common.utils.StringUtils@isEmpty(service_no)">
            <![CDATA[
                           AND CON.service_no    = #{ service_no     }
                    ]]>
        </if>
        <if test="!@emnet.chat.admin.common.utils.StringUtils@isEmpty(consult_category_no)">
            <![CDATA[
                           AND CON.consult_category_no    = #{ consult_category_no     }
                    ]]>
        </if>
        <if test="!@emnet.chat.admin.common.utils.StringUtils@isEmpty(sch_start_date)">
            <![CDATA[
                           AND CON.consult_date_str   >= #{ sch_start_date     }
                    ]]>
        </if>

        <if test="!@emnet.chat.admin.common.utils.StringUtils@isEmpty(sch_end_date)">
            <![CDATA[
                           AND CON.consult_date_str   <= #{ sch_end_date     }
                    ]]>
        </if>

        <![CDATA[
                     GROUP BY CON.CONSULT_DATE_STR,  TO_CHAR(TO_DATE(CON.CONSULT_DATE_STR , 'YYYY-MM-DD') ,'d'),TO_CHAR(CON.START_TIME, 'hh24')
                     ORDER BY CON.CONSULT_DATE_STR DESC , TO_CHAR(CON.START_TIME, 'hh24')
                     ) A
                WHERE ROWNUM <= 1000
                ]]>

    </select>


    <select id="selectStatNotAccessSummaryList" parameterType="ReqStatNotAccessVO" resultType="ResStatNotAccessVO">
        <![CDATA[
			/*StatNotAccessMapper.xml -- selectStatNotAccessList */
			SELECT A.* , ROWNUM as id
			FROM
			(
			SELECT CON.CONSULT_DATE_STR || ' (' || FNC_COM_CODE_NM('WEEK_CD',TO_CHAR(TO_DATE(CON.CONSULT_DATE_STR , 'YYYY-MM-DD') ,'d')) || ')' consult_date
                     , MIN(TO_CHAR(CON.START_TIME, 'hh24')) || ' ~ ' || LPAD(MAX( CAST(TO_CHAR(CON.START_TIME, 'hh24') as number) +1) ,2,'0')                                           consult_hour
                 , COUNT(*)                                                                          chat_req_cnt
                 , sum(CASE WHEN DEPARTMENT_NO is not null and END_TYPE NOT IN ('CUSTOMER' , 'WAITING') then 1 else 0 end)   end_cnt
                 , sum(CASE WHEN DEPARTMENT_NO is null and END_TYPE= 'CUSTOMER' then 1 else 0 end)   not_distribute_customer_cnt
                 , sum(CASE WHEN DEPARTMENT_NO is null and END_TYPE= 'WAITING' then 1 else 0 end)    not_distribute_delay_cnt
                 , TRUNC(sum(CASE WHEN DEPARTMENT_NO is null then 1 else 0 end) / COUNT(*), 3) * 100 not_Response_rate
            FROM CONSULT CON
            WHERE 1 = 1
		]]>
        <if test="!@emnet.chat.admin.common.utils.StringUtils@isEmpty(service_no)">
            <![CDATA[
		 		   AND CON.service_no    = #{ service_no     }
			]]>
        </if>
        <if test="!@emnet.chat.admin.common.utils.StringUtils@isEmpty(consult_category_no)">
            <![CDATA[
                           AND CON.consult_category_no    = #{ consult_category_no     }
                    ]]>
        </if>
        <if test="!@emnet.chat.admin.common.utils.StringUtils@isEmpty(sch_start_date)">
            <![CDATA[
		 		   AND CON.consult_date_str   >= #{ sch_start_date     }
			]]>
        </if>

        <if test="!@emnet.chat.admin.common.utils.StringUtils@isEmpty(sch_end_date)">
            <![CDATA[
		 		   AND CON.consult_date_str   <= #{ sch_end_date     }
			]]>
        </if>

        <![CDATA[
             GROUP BY CON.CONSULT_DATE_STR
             ORDER BY CON.CONSULT_DATE_STR DESC
             ) A
        WHERE ROWNUM <= 1000
        ]]>

    </select>


</mapper>