<?xml version="1.0" encoding="UTF-8"?>
<!DOCTYPE mapper PUBLIC "-//mybatis.org//DTD Mapper 3.0//EN" "http://mybatis.org/dtd/mybatis-3-mapper.dtd">
<mapper namespace="emnet.chat.admin.mapper.mst.admin.statistics.StatUserWorkLogMapper">


    <select id="selectStatUserWorkLogList" parameterType="ReqStatUserWorkLogVO" resultType="ResStatUserWorkLogVO">
        <![CDATA[
			/*StatUserWorkLogMapper.xml -- selectStatUserWorkLogList */
			SELECT ROWNUM as id , A.*
			FROM
			(
              select USR.EMP_NO,
                     DEPT.LEVEL1_NAME,
                     DEPT.LEVEL2_NAME,
                     DEPT.LEVEL3_NAME,
                     USR.NAME                                             USER_NAME,
                     W_LOG.IP                                             CONNECT_IP,
                     ${DB_OWNER}.FNC_COM_CODE_NM('USR_WORK_LOG_TYPE', W_LOG.LOG_TYPE) LOG_TYPE_NM,
                     TO_CHAR(W_LOG.EVENT_DATE, 'yyyy-MM-dd hh24:mi:ss')   EVENT_DATE
                from ${DB_OWNER}.USER_WORK_LOG W_LOG,
                     ${DB_OWNER}.USER_M USR ,
                     ${DB_OWNER}.V_DEPT DEPT
                WHERE W_LOG.USER_NO = USR.USER_NO
                  AND W_LOG.SERVICE_NO = USR.SERVICE_NO
                  AND USR.DEPARTMENT_NO = DEPT.LEVEL3_NO

		]]>
        <if test="!@emnet.chat.admin.common.utils.StringUtils@isEmpty(service_no)">
            <![CDATA[
		 		   AND W_LOG.service_no    = #{ service_no     }
			]]>
        </if>
        <if test="!@emnet.chat.admin.common.utils.StringUtils@isEmpty(level1_no)">
            <![CDATA[
		 		   AND DEPT.level1_no    = #{ level1_no     }
			]]>
        </if>
        <if test="!@emnet.chat.admin.common.utils.StringUtils@isEmpty(level2_no)">
            <![CDATA[
		 		   AND DEPT.level2_no    = #{ level2_no     }
			]]>
        </if>
        <if test="!@emnet.chat.admin.common.utils.StringUtils@isEmpty(level3_no)">
            <![CDATA[
		 		   AND DEPT.level3_no    = #{ level3_no     }
			]]>
        </if>
        <if test="!@emnet.chat.admin.common.utils.StringUtils@isEmpty(user_no)">
            <![CDATA[
		 		   AND USR.USER_NO    = #{ user_no     }
			]]>
        </if>
        <if test="!@emnet.chat.admin.common.utils.StringUtils@isEmpty(sch_start_date)">
            <![CDATA[
		 		   AND W_LOG.EVENT_DATE  >= TO_DATE(#{ sch_start_date} , 'yyyyMMddhh24miss' )
			]]>
        </if>
        <if test="!@emnet.chat.admin.common.utils.StringUtils@isEmpty(sch_end_date)">
            <![CDATA[
		 		   AND W_LOG.EVENT_DATE   < TO_DATE(#{ sch_end_date} , 'yyyyMMddhh24miss' )
			]]>
        </if>

        <![CDATA[
              ORDER BY EVENT_DATE DESC
            ) A
            WHERE ROWNUM < 1000
        ]]>

    </select>


    <insert id="insertUserWorkLog" parameterType="ReqStatUserWorkLogVO">

        <![CDATA[
            INSERT INTO ${DB_OWNER}.USER_WORK_LOG(
                      logging_no
                    , service_no
                    , user_no
                    , log_type
                    , ip
                    , content
                    , event_date
                    , data_regr_id
                    , data_reg_dtm
                    , data_chgr_id
                    , data_chg_dtm
            ) values (
                      ${DB_OWNER}.SEQ_USER_WORK_LOG.nextVal
                    , #{ service_no   }
                    , #{ user_no      }
                    , #{ log_type     }
                    , #{ ip     , jdbcType=VARCHAR}
                    , #{content , jdbcType=VARCHAR}
                    , sysdate
                    , #{ data_regr_id }
                    , sysdate
                    , #{ data_chgr_id }
                    , sysdate
            )
        ]]>
    </insert>



</mapper>