<?xml version="1.0" encoding="UTF-8"?>
<!DOCTYPE mapper PUBLIC "-//mybatis.org//DTD Mapper 3.0//EN" "http://mybatis.org/dtd/mybatis-3-mapper.dtd">
<mapper namespace="emnet.chat.admin.mapper.mst.admin.statistics.StatDailyMapper">


    <select id="selectStatDailyList" parameterType="ReqStatDailyVO" resultType="ResStatDailyVO">
        <![CDATA[
			/*StatDailyMapper.xml -- selectStatDailyList */
			SELECT A.*
                  , ROWNUM AS id
            FROM (
                   SELECT CONSULT_DATE_STR                     consult_date
                         , DEPT.LEVEL3_NAME as                                         level3_name
                         , COUNT(*)                                                    chat_req_cnt
                         , SUM(CASE WHEN CON.CONSULT_STATUS = 'END' THEN 1 ELSE 0 END) end_cnt
                         , SUM(CASE WHEN CON.END_TYPE = 'WAITING' THEN 1 ELSE 0 END)   waiting_cnt
                         , SUM(CASE WHEN CON.END_TYPE = 'BUSY' THEN 1 ELSE 0 END)      busy_cnt
                         , FNC_SECOND_TO_STRING(TRUNC(AVG(FNC_FROM_DATE_SEC_DIFF(START_TIME, CHAT_START_TIME)))) avg_wait_diff
                         , FNC_SECOND_TO_STRING(TRUNC(AVG(FNC_FROM_DATE_SEC_DIFF(CHAT_START_TIME, END_TIME)))) avg_consult_diff
                    FROM ${DB_OWNER}.CONSULT CON,
                         ${DB_OWNER}.V_DEPT DEPT
                    WHERE CON.DEPARTMENT_NO = DEPT.LEVEL3_NO
		]]>
        <if test="!@emnet.chat.admin.common.utils.StringUtils@isEmpty(service_no)">
            <![CDATA[
		 		   AND CON.service_no    = #{ service_no     }
			]]>
        </if>
        <if test="!@emnet.chat.admin.common.utils.StringUtils@isEmpty(department_no)">
            <![CDATA[
		 		   AND CON.department_no    = #{ department_no     }
			]]>
        </if>

        <if test="!@emnet.chat.admin.common.utils.StringUtils@isEmpty(consult_category_no)">
            <![CDATA[
		 		   AND CON.consult_category_no    = #{ consult_category_no     }
			]]>
        </if>


        <if test="!@emnet.chat.admin.common.utils.StringUtils@isEmpty(level1_no)">
            <![CDATA[
		 		   AND DEPT.level1_no    = #{ level1_no     }
			]]>
        </if>
        <if test="!@emnet.chat.admin.common.utils.StringUtils@isEmpty(level2_no)">
            <![CDATA[
		 		   AND DEPT.level2_no    = #{ level2_no     }
			]]>
        </if>

        <if test="!@emnet.chat.admin.common.utils.StringUtils@isEmpty(level3_no)">
            <![CDATA[
		 		   AND DEPT.level3_no    = #{ level3_no     }
			]]>
        </if>

        <if test="!@emnet.chat.admin.common.utils.StringUtils@isEmpty(user_no)">
            <![CDATA[
		 		   AND CON.USER_NO    = #{ user_no     }
			]]>
        </if>
        <if test="!@emnet.chat.admin.common.utils.StringUtils@isEmpty(sch_start_date)">
            <![CDATA[
		 		   AND TO_CHAR(CON.START_TIME, 'YYYY-MM-DD')   >= #{ sch_start_date     }
			]]>
        </if>

        <if test="!@emnet.chat.admin.common.utils.StringUtils@isEmpty(sch_end_date)">
            <![CDATA[
		 		   AND TO_CHAR(CON.START_TIME, 'YYYY-MM-DD')   <= #{ sch_end_date     }
			]]>
        </if>

        <![CDATA[
        group by CONSULT_DATE_STR, DEPT.LEVEL3_NAME
        ORDER BY 1 asc
        ) A
        WHERE ROWNUM <= 1000
        ]]>

    </select>


    <select id="selectStatDailySummaryList" parameterType="ReqStatDailyVO" resultType="ResStatDailyVO">
        <![CDATA[
			/*StatDailyMapper.xml -- selectStatDailySummaryList */
			SELECT A.*
                 , ROWNUM AS id
            FROM (
                     SELECT MIN(TO_CHAR(CON.START_TIME, 'YYYY-MM-DD')) ||'~' ||MAX(TO_CHAR(CON.START_TIME, 'YYYY-MM-DD'))     consult_date
                          , DEPT.LEVEL3_NAME as                                                                         level3_name
                          , COUNT(*)                                                                                    chat_req_cnt
                          , SUM(CASE WHEN CON.CONSULT_STATUS = 'END' THEN 1 ELSE 0 END)                                 end_cnt
                          , SUM(CASE WHEN CON.END_TYPE = 'WAITING' THEN 1 ELSE 0 END)                                   waiting_cnt
                          , SUM(CASE WHEN CON.END_TYPE = 'BUSY' THEN 1 ELSE 0 END)                                      busy_cnt
                          , FNC_SECOND_TO_STRING(TRUNC(AVG(FNC_FROM_DATE_SEC_DIFF(START_TIME, CHAT_START_TIME))))       avg_wait_diff
                          , FNC_SECOND_TO_STRING(TRUNC(AVG(FNC_FROM_DATE_SEC_DIFF(CHAT_START_TIME, END_TIME))))         avg_consult_diff
                     FROM ${DB_OWNER}.CONSULT CON,
                          ${DB_OWNER}.V_DEPT DEPT
                     WHERE CON.DEPARTMENT_NO = DEPT.LEVEL3_NO





		]]>
        <if test="!@emnet.chat.admin.common.utils.StringUtils@isEmpty(service_no)">
            <![CDATA[
		 		   AND CON.service_no    = #{ service_no     }
			]]>
        </if>
        <if test="!@emnet.chat.admin.common.utils.StringUtils@isEmpty(department_no)">
            <![CDATA[
		 		   AND CON.department_no    = #{ department_no     }
			]]>
        </if>

        <if test="!@emnet.chat.admin.common.utils.StringUtils@isEmpty(consult_category_no)">
            <![CDATA[
		 		   AND CON.consult_category_no    = #{ consult_category_no     }
			]]>
        </if>


        <if test="!@emnet.chat.admin.common.utils.StringUtils@isEmpty(level1_no)">
            <![CDATA[
		 		   AND DEPT.level1_no    = #{ level1_no     }
			]]>
        </if>
        <if test="!@emnet.chat.admin.common.utils.StringUtils@isEmpty(level2_no)">
            <![CDATA[
		 		   AND DEPT.level2_no    = #{ level2_no     }
			]]>
        </if>

        <if test="!@emnet.chat.admin.common.utils.StringUtils@isEmpty(level3_no)">
            <![CDATA[
		 		   AND DEPT.level3_no    = #{ level3_no     }
			]]>
        </if>

        <if test="!@emnet.chat.admin.common.utils.StringUtils@isEmpty(user_no)">
            <![CDATA[
		 		   AND CON.USER_NO    = #{ user_no     }
			]]>
        </if>
        <if test="!@emnet.chat.admin.common.utils.StringUtils@isEmpty(sch_start_date)">
            <![CDATA[
		 		   AND TO_CHAR(CON.START_TIME, 'YYYY-MM-DD')   >= #{ sch_start_date     }
			]]>
        </if>

        <if test="!@emnet.chat.admin.common.utils.StringUtils@isEmpty(sch_end_date)">
            <![CDATA[
		 		   AND TO_CHAR(CON.START_TIME, 'YYYY-MM-DD')   <= #{ sch_end_date     }
			]]>
        </if>

        <![CDATA[
        group by DEPT.LEVEL3_NAME
        ORDER BY 1 asc
        ) A
        WHERE ROWNUM <= 1000
        ]]>

    </select>


</mapper>