<?xml version="1.0" encoding="UTF-8"?>
<!DOCTYPE mapper PUBLIC "-//mybatis.org//DTD Mapper 3.0//EN" "http://mybatis.org/dtd/mybatis-3-mapper.dtd">
<mapper namespace="emnet.chat.admin.mapper.mst.admin.statistics.StatConsultLogMapper">


    <select id="selectStatConsultLogList" parameterType="ReqStatConsultLogVO" resultType="ResStatConsultLogVO">
        <![CDATA[
			/*StatConsultLogMapper.xml -- selectStatConsultLogList */
			SELECT ROWNUM as id , A.*
			FROM
			(
                SELECT CON_LOG.SERVICE_NO,
                       USR.NAME                            user_name,
                       DEPT.LEVEL1_NAME,
                       DEPT.LEVEL2_NAME,
                       DEPT.LEVEL3_NAME,
                       USR.EMP_NO,
                       TO_CHAR(CON_LOG.READ_DTM,'yyyy-MM-dd hh24:mi:ss') READ_DTM ,
                       CON.CONSULT_DATE_STR,
                       TO_CHAR(NVL(CON.CHAT_START_TIME, CON.START_TIME), 'hh24:mi:ss') || ' ~ ' ||
                       TO_CHAR(CON.END_TIME, 'hh24:mi:ss') CHAT_TERM,
                       CUS.USER_ID                         CUSTOMER_ID,
                       CUS.NAME                            CUSTOMER_NAME
                FROM ${DB_OWNER}.CONSULT_LOGGING CON_LOG,
                     ${DB_OWNER}.USER_M USR,
                     ${DB_OWNER}.CONSULT CON,
                     ${DB_OWNER}.CUSTOMER CUS,
                     ${DB_OWNER}.V_DEPT DEPT
                WHERE CON_LOG.SERVICE_NO = CON.SERVICE_NO
                  AND CON_LOG.USER_NO = USR.USER_NO
                  and CON_LOG.CONSULT_NO = CON.CONSULT_NO
                  AND CON.CUSTOMER_NO = CUS.CUSTOMER_NO
                  AND CON.DEPARTMENT_NO = DEPT.LEVEL3_NO
		]]>
        <if test="!@emnet.chat.admin.common.utils.StringUtils@isEmpty(service_no)">
            <![CDATA[
                   AND CON_LOG.service_no    = #{ service_no     }
            ]]>
        </if>
        <if test="!@emnet.chat.admin.common.utils.StringUtils@isEmpty(department_no)">
            <![CDATA[
		 		   AND CON.department_no    = #{ department_no     }
			]]>
        </if>

        <if test="!@emnet.chat.admin.common.utils.StringUtils@isEmpty(consult_category_no)">
            <![CDATA[
		 		   AND CON.consult_category_no    = #{ consult_category_no     }
			]]>
        </if>

        <if test="!@emnet.chat.admin.common.utils.StringUtils@isEmpty(level1_no)">
            <![CDATA[
		 		   AND DEPT.level1_no    = #{ level1_no     }
			]]>
        </if>
        <if test="!@emnet.chat.admin.common.utils.StringUtils@isEmpty(level2_no)">
            <![CDATA[
		 		   AND DEPT.level2_no    = #{ level2_no     }
			]]>
        </if>

        <if test="!@emnet.chat.admin.common.utils.StringUtils@isEmpty(level3_no)">
            <![CDATA[
		 		   AND DEPT.level3_no    = #{ level3_no     }
			]]>
        </if>

        <if test="!@emnet.chat.admin.common.utils.StringUtils@isEmpty(user_no)">
            <![CDATA[
		 		   AND CON_LOG.USER_NO    = #{ user_no     }
			]]>
        </if>
        <if test="!@emnet.chat.admin.common.utils.StringUtils@isEmpty(sch_start_date)">
            <![CDATA[
		 		   AND CON_LOG.READ_DTM  >= TO_DATE(#{ sch_start_date} , 'yyyyMMddhh24miss' )
			]]>
        </if>
        <if test="!@emnet.chat.admin.common.utils.StringUtils@isEmpty(sch_end_date)">
            <![CDATA[
		 		   AND CON_LOG.READ_DTM   < TO_DATE(#{ sch_end_date} , 'yyyyMMddhh24miss' )
			]]>
        </if>

        <![CDATA[
              ORDER BY READ_DTM DESC
            ) A
            WHERE ROWNUM < 1000
        ]]>

    </select>


   


</mapper>