<?xml version="1.0" encoding="UTF-8"?>
<!DOCTYPE mapper PUBLIC "-//mybatis.org//DTD Mapper 3.0//EN" "http://mybatis.org/dtd/mybatis-3-mapper.dtd">
<mapper namespace="emnet.chat.admin.mapper.mst.admin.statistics.StatProductDailyMapper">

    <select id="selectStatProductDailyList" parameterType="ReqStatProductDailyVO" resultType="ResStatProductDailyVO">

        --일자별 생산성현황 통계 조회 화면
        SELECT CT.DATA_REG_DTM --상담일자
             ,CT.TEAM_NAME     --상담팀
             ,CT.USER_NAME     --상담사
             ,CT.EMP_NO        --사번
             ,CT.CONSULT_COUNT  total_chat_cnt --체팅건수
             ,${DB_OWNER}.FNC_SECOND_TO_STRING_HH24MI(WT.WORK_TIME_SECOND) WORK_TIME  -- 근무시간
             ,TRUNC(TRUNC(CT.CONSULT_COUNT / WT.WORK_TIME_SECOND/60/60)) CT_COUNT_WT --체팅건수/근무시간
             ,CT.CONSULT_TIME --체팅시간
             ,CT.AVG_CONSULT_TIME --평균체팅시간
             ,TRUNC((WT.WORK_TIME_SECOND- NVL(AT.AWAY_TIME_SECOND,0))/WT.WORK_TIME_SECOND*100,1) EXEC_RATE
             ,${DB_OWNER}.FNC_SECOND_TO_STRING_HH24MI(AT.AWAY_TIME_SECOND) AWAY_TIME --이석시간
             ,${DB_OWNER}.FNC_SECOND_TO_STRING_HH24MI(WT.LUNCH_TIME_SECOND) LUNCH_TIME --중식시간
             ,${DB_OWNER}.FNC_SECOND_TO_STRING_HH24MI(WT.REST_TIME_SECOND) REST_TIME --휴식시간
             ,${DB_OWNER}.FNC_SECOND_TO_STRING_HH24MI(WT.ETC_TIME_SECOND) ETC_TIME --기타근무시간
        FROM (
                 SELECT USR.SERVICE_NO,
                        USR.USER_NO,
                        TO_CHAR(CON.DATA_REG_DTM,'YYYY-MM-DD') DATA_REG_DTM,
                        TEAM.DEPARTMENT_NAME TEAM_NAME,
                        USR.NAME USER_NAME,
                        USR.EMP_NO,
                        COUNT(*) CONSULT_COUNT,
                        ${DB_OWNER}.FNC_SECOND_TO_STRING(SUM(ROUND((CON.END_TIME-CON.DISTRIBUTE_TIME)*24*60*60))) CONSULT_TIME,  --체팅시간
                        ${DB_OWNER}.FNC_SECOND_TO_STRING(ROUND(SUM(ROUND((CON.END_TIME-CON.DISTRIBUTE_TIME)*24*60*60))/COUNT(*))) AVG_CONSULT_TIME --평균체팅시간
                 FROM ${DB_OWNER}.CONSULT CON,
                      ${DB_OWNER}.DEPARTMENT TEAM,
                      ${DB_OWNER}.USER_M USR
                 WHERE CON.DEPARTMENT_NO = TEAM.DEPARTMENT_NO
                   AND CON.SERVICE_NO = USR.SERVICE_NO
                   AND CON.USER_NO = USR.USER_NO
                <if test="!@emnet.chat.admin.common.utils.StringUtils@isEmpty(service_no)">
                    <![CDATA[
                                   AND CON.service_no    = #{ service_no     }
                    ]]>
                </if>
                <if test="!@emnet.chat.admin.common.utils.StringUtils@isEmpty(level3_no)">
                    <![CDATA[
                                   AND CON.DEPARTMENT_NO    = #{ level3_no     }
                    ]]>
                </if>
                <if test="!@emnet.chat.admin.common.utils.StringUtils@isEmpty(consult_category_no)">
                    <![CDATA[
                                   AND CON.consult_category_no    = #{ consult_category_no     }
                    ]]>
                </if>
                <if test="!@emnet.chat.admin.common.utils.StringUtils@isEmpty(sch_start_date)">
                    <![CDATA[
                           AND CON.consult_date_str   >= #{ sch_start_date     }
                    ]]>
                </if>
                <if test="!@emnet.chat.admin.common.utils.StringUtils@isEmpty(sch_end_date)">
                    <![CDATA[
                           AND CON.consult_date_str   <= #{ sch_end_date     }
                    ]]>
                </if>
                <if test="!@emnet.chat.admin.common.utils.StringUtils@isEmpty(user_no)">
                    <![CDATA[
                            AND USR.USER_NO    = #{ user_no     }
                    ]]>
                </if>
                   --여기 WHERE절
                   -- AND CON.SERVICE_NO =1
                   -- AND CON.USER_NO = 1
                   -- 팀 및 상담기간

                 GROUP BY USR.SERVICE_NO,
                          USR.USER_NO,
                          TO_CHAR(CON.DATA_REG_DTM,'YYYY-MM-DD'),
                          TEAM.DEPARTMENT_NAME,
                          USR.NAME,
                          USR.EMP_NO) CT,
             (
                 SELECT USR.SERVICE_NO,
                        USR.USER_NO,
                        SUBSTR(SC.SCHEDULE_DATE,1,4)||'-'||SUBSTR(SC.SCHEDULE_DATE,5,2)||'-'||SUBSTR(SC.SCHEDULE_DATE,7,2) SCHEDULE_DATE,
                        ROUND((TO_DATE(SC.SCHEDULE_DATE|| SC.LUNCH_END_TIME,'yyyymmddhh24mi') - TO_DATE(SC.SCHEDULE_DATE|| SC.LUNCH_START_TIME,'yyyymmddhh24mi'))*24*60*60) LUNCH_TIME_SECOND, --중식시간
                        ROUND((TO_DATE(SC.SCHEDULE_DATE|| SC.REST_END_TIME,'yyyymmddhh24mi') - TO_DATE(SC.SCHEDULE_DATE|| SC.REST_START_TIME,'yyyymmddhh24mi'))*24*60*60) REST_TIME_SECOND, --휴식시간
                        FNC_GET_ETC_MIN(SC.SCHEDULE_DATE,USR.USER_NO )*60 ETC_TIME_SECOND,                                                                                              --기타근무시간
                        (
                                (9*60*60) -                                                                                                                                             --근무시간 9시간 픽스
                                (
                                        ROUND((TO_DATE(SC.SCHEDULE_DATE|| SC.LUNCH_END_TIME,'yyyymmddhh24mi') - TO_DATE(SC.SCHEDULE_DATE|| SC.LUNCH_START_TIME,'yyyymmddhh24mi'))*24*60*60)
                                        +ROUND((TO_DATE(SC.SCHEDULE_DATE|| SC.REST_END_TIME,'yyyymmddhh24mi') - TO_DATE(SC.SCHEDULE_DATE|| SC.REST_START_TIME,'yyyymmddhh24mi'))*24*60*60)
                                        +(${DB_OWNER}.FNC_GET_ETC_MIN(SC.SCHEDULE_DATE,USR.USER_NO )*60)
                                    )
                            ) WORK_TIME_SECOND                                  --근무시간
                 FROM ${DB_OWNER}.USER_M USR,
                      ${DB_OWNER}.USER_SCHEDULE SC
                 WHERE USR.SERVICE_NO = SC.SERVICE_NO
                   AND USR.USER_NO = SC.USER_NO
                 -- 팀,상담사,상담기간 조건추가.
             )WT,
             (
                 SELECT WSH.SERVICE_NO,
                        WSH.USER_NO,
                        TO_CHAR(WSH.START_DATE, 'YYYY-MM-DD') START_DATE,
                        TRUNC(SUM((WSH.END_DATE - WSH.START_DATE)*24*60*60)) AWAY_TIME_SECOND
                 FROM ${DB_OWNER}.WORK_STATUS_HISTORY WSH
                      --서비스번호,유저NO 상담기간 검색조건추가
                 WHERE WSH.WORK_STATUS_TYPE IN ('ETC','AWAY')

                    <if test="!@emnet.chat.admin.common.utils.StringUtils@isEmpty(user_no)">
                        <![CDATA[
                                AND WSH.USER_NO    = #{ user_no     }
                        ]]>
                    </if>
                       --    AND WSH.SERVICE_NO = 1
                       --    AND WSH.USER_NO = 1
                       --    AND WSH.START_DATE BETWEEN TO_DATE(CT.DATA_REG_DTM,'YYYY-MM-DD') AND TO_DATE(CT.DATA_REG_DTM || ' 235959','YYYY-MM-DD HH24MISS')
                 GROUP BY WSH.SERVICE_NO,
                          WSH.USER_NO,
                          TO_CHAR(WSH.START_DATE, 'YYYY-MM-DD')
             )AT
        WHERE CT.SERVICE_NO = WT.SERVICE_NO
          AND CT.USER_NO = WT.USER_NO
          AND CT.DATA_REG_DTM = WT.SCHEDULE_DATE
          AND CT.SERVICE_NO = AT.SERVICE_NO(+)
          AND CT.USER_NO = AT.USER_NO(+)
          AND CT.DATA_REG_DTM = AT.START_DATE (+)
        ORDER BY CT.DATA_REG_DTM  , CT.TEAM_NAME , CT.USER_NAME
    </select>

<!--    <select id="selectStatProductDailyList" parameterType="ReqStatProductDailyVO" resultType="ResStatProductDailyVO">
        <![CDATA[
			/*StatProductDailyMapper.xml &#45;&#45; selectStatProductDailyList */
			SELECT ROWNUM as id , A.*
			FROM
			(
			SELECT TO_CHAR(TO_DATE(SCH.SCHEDULE_DATE, 'YYYYMMDD'), 'YYYY-MM-DD')                          consult_date_str,
               DEPT.level3_name,
               SCH.user_no,
               USR.name                                                                               user_name,
               USR.emp_no,
               NVL(CON.TOTAL_CHAT_CNT, 0)                                                             total_chat_cnt,
               FNC_SECOND_TO_STRING(FNC_TIME_MIN_DIFF(SSCH.START_TIME, SSCH.END_TIME) * 60
                   )                                                                                  work_diff,
               TRUNC(case
                         when (FNC_TIME_MIN_DIFF(SSCH.START_TIME, SSCH.END_TIME) / 60
                                  ) > 0 then
                                 NVL(CON.TOTAL_CHAT_CNT, 0) / (FNC_TIME_MIN_DIFF(SSCH.START_TIME, SSCH.END_TIME) / 60
                                 )
                         else 0 end, 1)                                                               work_per_chat_val,
               NVL(CON.TOTAL_DIFF, '00:00:00')                                                        total_chat_diff,
               NVL(CON.AVG_CHAT_DIFF, '00:00:00')                                                     avg_chat_diff,
               case
                   when FNC_TIME_MIN_DIFF(SSCH.START_TIME, SSCH.END_TIME) > 0 THEN TRUNC(
                                   (FNC_TIME_MIN_DIFF(SSCH.START_TIME, SSCH.END_TIME) - NVL(EMPTY.EMPTY_MIN, 0)) /
                                   FNC_TIME_MIN_DIFF(SSCH.START_TIME, SSCH.END_TIME) * 100, 1)
                   ELSE 0 END                                                                         work_rate,
               FNC_SECOND_TO_STRING(NVL(EMPTY.EMPTY_MIN, 0) * 60)                                     empty_diff,
               FNC_SECOND_TO_STRING(FNC_TIME_MIN_DIFF(SCH.LUNCH_START_TIME, SCH.LUNCH_END_TIME) * 60) launch_diff,
               FNC_SECOND_TO_STRING(FNC_TIME_MIN_DIFF(SCH.REST_START_TIME, SCH.REST_END_TIME) * 60)   rest_diff,
               FNC_SECOND_TO_STRING(FNC_GET_ETC_MIN(SCH.SCHEDULE_DATE, SCH.USER_NO) * 60)                 ETC_MIN

        FROM USER_SCHEDULE SCH,

             (SELECT CON.CONSULT_DATE_STR,
                     CON.DEPARTMENT_NO,
                     CON.USER_NO,
                     COUNT('X')                                                                           TOTAL_CHAT_CNT,
                     SUM(FNC_FROM_DATE_SEC_DIFF(CON.CHAT_START_TIME, CON.END_TIME))                       TOTAL_SEC,
                     FNC_SECOND_TO_STRING(SUM(FNC_FROM_DATE_SEC_DIFF(CON.CHAT_START_TIME, CON.END_TIME))) TOTAL_DIFF,
                     FNC_SECOND_TO_STRING(AVG(FNC_FROM_DATE_SEC_DIFF(CON.CHAT_START_TIME, CON.END_TIME))) AVG_CHAT_DIFF
              FROM CONSULT CON
              WHERE EXISTS(SELECT 'X'
                           FROM USER_M USR
                           WHERE CON.USER_NO = USR.USER_NO)
                           ]]>
            <if test="!@emnet.chat.admin.common.utils.StringUtils@isEmpty(consult_category_no)">
                <![CDATA[
                       AND CON.consult_category_no    = #{ consult_category_no     }
                ]]>
            </if>
                           <![CDATA[
              GROUP BY CON.CONSULT_DATE_STR, CON.DEPARTMENT_NO, CON.USER_NO
              ORDER BY CON.CONSULT_DATE_STR, CON.DEPARTMENT_NO, CON.USER_NO
             ) CON,
             (select TO_CHAR(DATA_REG_DTM, 'YYYY-MM-DD') AS            CONSULT_DATE_STR,
                     USER_NO,
                     SUM(FNC_FROM_DATE_MIN_DIFF(START_DATE, END_DATE)) EMPTY_MIN
              from WORK_STATUS_HISTORY
              where WORK_STATUS_TYPE != 'CONSULT'
              GROUP BY TO_CHAR(DATA_REG_DTM, 'YYYY-MM-DD'), USER_NO
             ) EMPTY
                ,
             SERVICE_SCHEDULE SSCH,
             V_DEPT DEPT,
             USER_M USR
        WHERE TO_CHAR(TO_DATE(SCH.SCHEDULE_DATE, 'YYYYMMDD'), 'YYYY-MM-DD') = CON.CONSULT_DATE_STR(+)
          and SCH.USER_NO = CON.USER_NO(+)
          and CON.CONSULT_DATE_STR = EMPTY.CONSULT_DATE_STR(+)
          and CON.USER_NO = EMPTY.USER_NO(+)
          AND CON.DEPARTMENT_NO = DEPT.LEVEL3_NO
          and CON.USER_NO = USR.USER_NO
          AND TO_CHAR(TO_DATE(SCH.SCHEDULE_DATE, 'YYYYMMDD'), 'd') = SSCH.WEEK_CD
		]]>

        <if test="!@emnet.chat.admin.common.utils.StringUtils@isEmpty(department_no)">
            <![CDATA[
		 		   AND CON.department_no    = #{ department_no     }
			]]>
        </if>



        <if test="!@emnet.chat.admin.common.utils.StringUtils@isEmpty(level1_no)">
            <![CDATA[
		 		   AND DEPT.level1_no    = #{ level1_no     }
			]]>
        </if>
        <if test="!@emnet.chat.admin.common.utils.StringUtils@isEmpty(level2_no)">
            <![CDATA[
		 		   AND DEPT.level2_no    = #{ level2_no     }
			]]>
        </if>

        <if test="!@emnet.chat.admin.common.utils.StringUtils@isEmpty(level3_no)">
            <![CDATA[
		 		   AND DEPT.level3_no    = #{ level3_no     }
			]]>
        </if>

        <if test="!@emnet.chat.admin.common.utils.StringUtils@isEmpty(user_no)">
            <![CDATA[
		 		   AND CON.USER_NO    = #{ user_no     }
			]]>
        </if>
        <if test="!@emnet.chat.admin.common.utils.StringUtils@isEmpty(sch_start_date)">
            <![CDATA[
		 		   AND CON.consult_date_str   >= #{ sch_start_date     }
			]]>
        </if>
        <if test="!@emnet.chat.admin.common.utils.StringUtils@isEmpty(sch_end_date)">
            <![CDATA[
		 		   AND CON.consult_date_str   <= #{ sch_end_date     }
			]]>
        </if>


        <![CDATA[

            order by CONSULT_DATE_STR, LEVEL3_NAME, user_name

            ) A
            WHERE ROWNUM < 1000
        ]]>

    </select>-->





</mapper>