<?xml version="1.0" encoding="UTF-8"?>
<!DOCTYPE mapper PUBLIC "-//mybatis.org//DTD Mapper 3.0//EN" "http://mybatis.org/dtd/mybatis-3-mapper.dtd">
<mapper namespace="emnet.chat.admin.mapper.mst.admin.ars.ArsMapper">


    <select id="selectArsList" parameterType="ReqArsVO" resultType="ReqArsVO">
        <![CDATA[

            /*ArsMapper.xml -- selectArsList */
            SELECT A.*, ROWNUM as id
              FROM
                (
                SELECT
                      service_no
                    , ars_no
                    , ars_type
                    , title
                    , content

                    , no_reply_time
                    , end_time
                    , end_content
                    , use_yn
                FROM
                    ${DB_OWNER}.Ars
                WHERE   1 = 1
        ]]>
        <if test="!@emnet.chat.admin.common.utils.StringUtils@isEmpty(service_no)">
            <![CDATA[
		 		  AND   service_no      = #{ service_no       }
			]]>
        </if>
        <if test="!@emnet.chat.admin.common.utils.StringUtils@isEmpty(ars_type)">
            <![CDATA[
        		 		  AND   ars_type      = #{ ars_type       }
        			]]>
        </if>
        <![CDATA[
        			     ) A
       ]]>

    </select>


    <insert id="insertArs" parameterType="ReqArsVO">
        /*ArsMapper.xml -- insertArs */
        <![CDATA[
              INSERT INTO ${DB_OWNER}.ARS (
                    service_no
                  , ars_no
                  , ars_type
                  , title
                  , content
                  , no_reply_time
                  , end_time
                  , end_content
                  , use_yn
                  , data_regr_id
                  , data_reg_dtm
                  , data_chgr_id
                  , data_chg_dtm
                ) VALUES (
                    #{ service_no        }
                  , (
                        select
                            NVL(MAX(ars_no),0) +1
                        from ${DB_OWNER}.ARS
                    )
                  , #{ ars_type          }
                  , #{ title            , jdbcType=VARCHAR  }
                  , #{ content          , jdbcType=VARCHAR  }
                  , #{ no_reply_time     }
                  , #{ end_time          }
                  , #{ end_content      , jdbcType=VARCHAR  }
                  , #{ use_yn           , jdbcType=VARCHAR  }
                  , #{ data_regr_id      }
                  , sysdate
                  , #{ data_chgr_id      }
                  , sysdate
              )
        ]]>
</insert>


    <update id="updateArs" parameterType="ReqArsVO">
        <![CDATA[
                 UPDATE ${DB_OWNER}.ARS
                 set
                       ars_type              = #{ars_type        }
                     , title                 = #{title          , jdbcType=VARCHAR  }
                     , content               = #{content        , jdbcType=VARCHAR  }
                     , no_reply_time         = #{no_reply_time   }
                     , end_time              = #{end_time        }
                     , end_content           = #{end_content     , jdbcType=VARCHAR }
                     , use_yn                = #{use_yn         , jdbcType=VARCHAR  }
                     , data_chgr_id          =  #{ data_chgr_id    }
                     , data_chg_dtm          =  sysdate
                  WHERE service_no           =  #{ service_no        }
                  AND   ars_no               =  #{ ars_no            }
        ]]>
    </update>


    <delete id="deleteArs" parameterType="ReqArsVO">
        <![CDATA[
            DELETE FROM ${DB_OWNER}.ARS
            WHERE service_no           =  #{ service_no        }
            AND   ars_no               =  #{ ars_no            }

        ]]>
    </delete>


</mapper>