<?xml version="1.0" encoding="UTF-8"?>
<!DOCTYPE mapper PUBLIC "-//mybatis.org//DTD Mapper 3.0//EN" "http://mybatis.org/dtd/mybatis-3-mapper.dtd">
<mapper namespace="emnet.chat.admin.mapper.mst.admin.user.UserRestMapper">



    <select id="selectUserRestList" parameterType="ReqUserRestVO" resultType="ReqUserRestVO">
    <![CDATA[
        /*UserRestMapper.xml -- selectUserRestList */
       SELECT A.*
            , ROWNUM AS id
       FROM (
                 SELECT R.service_no
                      , R.user_schedule_no
                      , R.user_no
                      , R.rest_type
                      , D.level1_name
                      , D.level2_name
                      , D.level3_name
                      , U.emp_no
                      , U.name
                      , TO_CHAR(R.start_time, 'YYYY-MM-dd') start_time
                      , TO_CHAR(R.end_time, 'YYYY-MM-dd')   end_time
                      , R.reason

                 FROM ${DB_OWNER}.USER_REST R,
                      ${DB_OWNER}.USER_M U,
                      (SELECT LEVEL_1.DEPARTMENT_NAME AS level1_name
                            , LEVEL_1.DEPARTMENT_NO   AS level1_no
                            , LEVEL_2.DEPARTMENT_NAME AS level2_name
                            , LEVEL_2.DEPARTMENT_NO   AS level2_no
                            , LEVEL_3.DEPARTMENT_NAME AS level3_name
                            , LEVEL_3.DEPARTMENT_NO   AS level3_no
                       FROM (SELECT DEPARTMENT_NO, DEPARTMENT_NAME, DEPARTMENT_NO_REF
                             FROM ${DB_OWNER}.DEPARTMENT
                             WHERE DEPARTMENT_LEVEL = 3) LEVEL_3
                               ,
                            (SELECT DEPARTMENT_NO, DEPARTMENT_NAME, DEPARTMENT_NO_REF
                             FROM ${DB_OWNER}.DEPARTMENT
                             WHERE DEPARTMENT_LEVEL = 2) LEVEL_2
                               ,
                            (SELECT DEPARTMENT_NO, DEPARTMENT_NAME, DEPARTMENT_NO_REF
                             FROM ${DB_OWNER}.DEPARTMENT
                             WHERE DEPARTMENT_LEVEL = 1) LEVEL_1
                       WHERE LEVEL_1.DEPARTMENT_NO = LEVEL_2.DEPARTMENT_NO_REF(+)
                         AND LEVEL_2.DEPARTMENT_NO = LEVEL_3.DEPARTMENT_NO_REF(+)) D
                 WHERE 1 = 1
                   AND R.USER_NO = U.USER_NO
                   AND R.SERVICE_NO = U.SERVICE_NO
                   AND U.DEPARTMENT_NO = D.level3_no
    ]]>

        <if test="!@emnet.chat.admin.common.utils.StringUtils@isEmpty(service_no)">
            <![CDATA[
		 		AND R.service_no      = #{ service_no       }
			]]>
        </if>

        <if test="!@emnet.chat.admin.common.utils.StringUtils@isEmpty(user_no)">
            <![CDATA[
		 		AND R.user_no      = #{ user_no       }
			]]>
        </if>

        <if test="!@emnet.chat.admin.common.utils.StringUtils@isEmpty(rest_type)">
            <![CDATA[
		 		AND R.rest_type      = #{ rest_type       }
			]]>
        </if>

        <if test="!@emnet.chat.admin.common.utils.StringUtils@isEmpty(sch_start_date)">
            <![CDATA[
		 		AND TO_CHAR(R.start_time,'YYYYMMDD')      >= #{ sch_start_date       }
			]]>
        </if>

        <if test="!@emnet.chat.admin.common.utils.StringUtils@isEmpty(sch_end_date)">
            <![CDATA[
		 		AND TO_CHAR(R.start_time,'YYYYMMDD')      <= #{ sch_end_date  }
			]]>
        </if>

        <![CDATA[
		 		ORDER BY R.start_time DESC
		 		) A WHERE ROWNUM <= 1000
			]]>
    </select>


    <insert id="insertUserRest" parameterType="ReqUserRestVO" >
    <![CDATA[
        /*UserRestMapper.xml -- insertUserRest */
        INSERT INTO ${DB_OWNER}.USER_REST
     (

           user_schedule_no
          ,service_no
          ,user_no
          ,rest_type
          ,start_time
          ,end_time
          ,reason
          ,data_regr_id
          ,data_reg_dtm
          ,data_chgr_id
          ,data_chg_dtm
    ) 
    VALUES
     (

            (
                select
					NVL(MAX(user_schedule_no),0) +1
				from ${DB_OWNER}.USER_REST
            )
          , #{ service_no      }
          , #{ user_no         }
          , #{ rest_type       }
          , TO_DATE(#{ start_time}, 'yyyyMMdd')
          , TO_DATE(#{ end_time}, 'yyyyMMdd')
          , #{ reason          }
          , #{ data_regr_id    }
          , sysdate
          , #{ data_chgr_id    }
          , sysdate
    )]]>
    </insert>


    <update id="updateUserRest" parameterType="ReqUserRestVO" >
    <![CDATA[
        /*UserRestMapper.xml -- updateUserRest */
        UPDATE ${DB_OWNER}.USER_REST
        SET 

           rest_type       =  #{ rest_type       }
         , start_time      =  TO_DATE(#{ start_time}, 'yyyyMMdd')
         , end_time        =  TO_DATE(#{ end_time}, 'yyyyMMdd')
         , reason          =  #{ reason          }
         , data_chgr_id    =  #{ data_chgr_id    }
         , data_chg_dtm    = sysdate
        WHERE 1 = 1
        AND user_schedule_no      = #{ user_schedule_no      }

    ]]>
    </update>


    <delete id="deleteUserRest" parameterType="ReqUserRestVO" >
    <![CDATA[
        /*UserRestMapper.xml -- deleteUserRest */
        DELETE FROM ${DB_OWNER}.USER_REST
        WHERE 1 = 1
        AND user_schedule_no      = #{ user_schedule_no      }
    ]]>
    </delete>




</mapper>