<?xml version="1.0" encoding="UTF-8"?>
<!DOCTYPE mapper PUBLIC "-//mybatis.org//DTD Mapper 3.0//EN" "http://mybatis.org/dtd/mybatis-3-mapper.dtd">
<mapper namespace="emnet.chat.admin.mapper.mst.admin.user.UserCategoryMapper">


    <select id="selectUserCategoryList" parameterType="ReqUserCategoryVO" resultType="ReqUserCategoryVO">

        <![CDATA[
            /*UserCategoryMapper.xml -- selectUserCategoryList */
            SELECT S.service_no
                 , CC.TITLE as category_name
                 , S.consult_category_no
                 , S.user_no
                 , U.NAME      user_name
            FROM ${DB_OWNER}.USER_CONSULT_CATEGORY S,
                 ${DB_OWNER}.CONSULT_CATEGORY CC,
                 ${DB_OWNER}.USER_M U
            WHERE 1 = 1
              AND S.SERVICE_NO = CC.SERVICE_NO
              AND S.consult_category_no = CC.CONSULT_CATEGORY_NO
              AND S.SERVICE_NO = CC.SERVICE_NO
              AND S.USER_NO = U.USER_NO
        ]]>

        <if test="!@emnet.chat.admin.common.utils.StringUtils@isEmpty(service_no)">
            <![CDATA[
		 		AND S.service_no      = #{ service_no       }
			]]>
        </if>

        <if test="!@emnet.chat.admin.common.utils.StringUtils@isEmpty(consult_category_no)">
            <![CDATA[
		 		AND S.consult_category_no      = #{ consult_category_no       }
			]]>
        </if>

        <if test="!@emnet.chat.admin.common.utils.StringUtils@isEmpty(user_no)">
            <![CDATA[
		 		AND S.user_no      = #{ user_no       }
			]]>
        </if>
    </select>


    <insert id="insertUserCategory" parameterType="ReqUserCategoryVO" >
        <![CDATA[
            /*UserCategoryMapper.xml -- insertUserCategory */
            INSERT INTO ${DB_OWNER}.USER_CONSULT_CATEGORY
             (
                    service_no
                  , consult_category_no
                  , user_no
                  , data_regr_id
                  , data_reg_dtm
                  , data_chgr_id
                  , data_chg_dtm
            )
            VALUES
             (
                    #{ service_no      }
                  , #{ consult_category_no   }
                  , #{ user_no         }
                  , #{ data_regr_id    }
                  , sysdate
                  , #{ data_chgr_id    }
                  , sysdate
            )
        ]]>
    </insert>


    <update id="updateUserCategory" parameterType="ReqUserCategoryVO" >
        <![CDATA[
            /*UserCategoryMapper.xml -- updateUserCategory */
            UPDATE ${DB_OWNER}.USER_CONSULT_CATEGORY
            SET
               data_chgr_id    =  #{ data_chgr_id    }
             , data_chg_dtm    =  sysdate
            WHERE 1 = 1
            AND service_no          = #{ service_no      }
            AND consult_category_no = #{ consult_category_no        }
            AND user_no             = #{ user_no         }
        ]]>
    </update>

    <delete id="deleteUserCategory" parameterType="ReqUserCategoryVO" >
        <![CDATA[
            /*UserCategoryMapper.xml -- deleteUserCategory */
            DELETE FROM ${DB_OWNER}.USER_CONSULT_CATEGORY
            WHERE 1 = 1
            AND service_no      = #{ service_no      }
            AND consult_category_no = #{consult_category_no}
            AND user_no         = #{ user_no         }
        ]]>
    </delete>

</mapper>