<?xml version="1.0" encoding="UTF-8"?>
<!DOCTYPE mapper PUBLIC "-//mybatis.org//DTD Mapper 3.0//EN" "http://mybatis.org/dtd/mybatis-3-mapper.dtd">
<mapper namespace="emnet.chat.admin.mapper.mst.admin.user.UserScheduleMapper">


    <select id="selectUserScheduleList" parameterType="ReqUserScheduleVO" resultType="ResUserScheduleVO">

        <![CDATA[
        /*USER_SCHEDULEMapper.xml -- selectUserScheduleList */
           SELECT A.* , ROWNUM as    id
           FROM (
           SELECT
                   S.user_schedule_no,
                   S.user_no,
                   U.emp_no,
                   SVS.start_time,
                   SVS.end_time,
                   D.level1_name,
                   D.level1_no,
                   D.level2_name,
                   D.level2_no,
                   D.level3_name,
                   D.level3_no,
                   U.NAME as    user_name,
                   S.service_no,
                   TO_CHAR(TO_DATE(S.schedule_date,'YYYYMMDD'), 'YYYY-MM-dd') || ' ( ' ||${DB_OWNER}.FNC_COM_CODE_NM('WEEK_CD' ,TO_CHAR(TO_DATE(S.schedule_date,'YYYYMMDD'), 'd') ) || ' )'  schedule_date_nm,
                   S.schedule_date,
                   S.lunch_start_time,
                   S.lunch_end_time,
                   S.rest_end_time,
                   S.rest_start_time,

                   NVL2(ETC.IN_MIN_DIFF, LPAD(TRUNC(ETC.IN_MIN_DIFF / 60), 2, '0') || LPAD(MOD(ETC.IN_MIN_DIFF, 60), 2, '0'),
                        '0000') in_work_time,
                   NVL(ETC.IN_MIN_CNT, 0) in_work_cnt,
                   NVL2(ETC.OUT_MIN_DIFF, LPAD(TRUNC(ETC.OUT_MIN_DIFF / 60), 2, '0') || LPAD(MOD(ETC.OUT_MIN_DIFF, 60), 2, '0'),
                        '0000') out_work_time,
                   NVL(ETC.OUT_MIN_CNT, 0) out_work_cnt
            FROM ${DB_OWNER}.USER_SCHEDULE S,
                 ${DB_OWNER}.USER_M U,
                 ${DB_OWNER}.SERVICE_SCHEDULE SVS,
                 (SELECT LEVEL_1.DEPARTMENT_NAME AS level1_name
                       , LEVEL_1.DEPARTMENT_NO   AS level1_no
                       , LEVEL_2.DEPARTMENT_NAME AS level2_name
                       , LEVEL_2.DEPARTMENT_NO   AS level2_no
                       , LEVEL_3.DEPARTMENT_NAME AS level3_name
                       , LEVEL_3.DEPARTMENT_NO   AS level3_no
                  FROM (SELECT DEPARTMENT_NO, DEPARTMENT_NAME, DEPARTMENT_NO_REF
                        FROM ${DB_OWNER}.DEPARTMENT
                        WHERE DEPARTMENT_LEVEL = 3) LEVEL_3
                          ,
                       (SELECT DEPARTMENT_NO, DEPARTMENT_NAME, DEPARTMENT_NO_REF
                        FROM ${DB_OWNER}.DEPARTMENT
                        WHERE DEPARTMENT_LEVEL = 2) LEVEL_2
                          ,
                       (SELECT DEPARTMENT_NO, DEPARTMENT_NAME, DEPARTMENT_NO_REF
                        FROM ${DB_OWNER}.DEPARTMENT
                        WHERE DEPARTMENT_LEVEL = 1) LEVEL_1
                  WHERE LEVEL_1.DEPARTMENT_NO = LEVEL_2.DEPARTMENT_NO_REF(+)
                    AND LEVEL_2.DEPARTMENT_NO = LEVEL_3.DEPARTMENT_NO_REF(+)) D
                    ,
                 (
                     select SERVICE_NO
                          , USER_SCHEDULE_NO
                          , USER_NO
                          , SUM(CASE
                                    WHEN WORK_TYPE = 'IN_WORK' THEN (SUBSTR(END_TIME, 0, 2) * 60 + SUBSTR(END_TIME, 3, 4)) -
                                                                    (SUBSTR(START_TIME, 0, 2) * 60 + SUBSTR(START_TIME, 3, 4))
                                    ELSE 0 END) IN_MIN_DIFF
                          , SUM(CASE
                                    WHEN WORK_TYPE = 'IN_WORK' THEN 1
                                    ELSE 0 END) IN_MIN_CNT
                          , SUM(CASE
                                    WHEN WORK_TYPE = 'OUT_WORK' THEN (SUBSTR(END_TIME, 0, 2) * 60 + SUBSTR(END_TIME, 3, 4)) -
                                                                     (SUBSTR(START_TIME, 0, 2) * 60 + SUBSTR(START_TIME, 3, 4))
                                    ELSE 0 END) OUT_MIN_DIFF
                          , SUM(CASE
                                    WHEN WORK_TYPE = 'OUT_WORK' THEN 1
                                    ELSE 0 END) OUT_MIN_CNT
                     from ${DB_OWNER}.USER_SCHEDULE_ETC
                     group by SERVICE_NO, USER_SCHEDULE_NO, USER_NO
                 ) ETC
            WHERE S.SERVICE_NO = U.SERVICE_NO
              AND S.USER_NO = U.USER_NO
              AND S.SERVICE_NO = ETC.SERVICE_NO(+)
              AND S.USER_NO = ETC.USER_NO(+)
              AND S.USER_SCHEDULE_NO = ETC.USER_SCHEDULE_NO(+)
              AND S.SERVICE_NO = SVS.SERVICE_NO(+)
              AND TO_CHAR(TO_DATE(S.SCHEDULE_DATE, 'yyyyMMdd'), 'd') = SVS.WEEK_CD
              AND U.DEPARTMENT_NO = D.level3_no(+)

        ]]>

        <if test="!@emnet.chat.admin.common.utils.StringUtils@isEmpty(service_no)">
            <![CDATA[
		 		  AND   S.service_no      = #{ service_no       }
			]]>
        </if>


        <if test="!@emnet.chat.admin.common.utils.StringUtils@isEmpty(sch_start_date)">
            <![CDATA[
		 		  AND   S.schedule_date      >= #{ sch_start_date       }
			]]>
        </if>

        <if test="!@emnet.chat.admin.common.utils.StringUtils@isEmpty(sch_end_date)">
            <![CDATA[
		 		  AND   S.schedule_date      <= #{ sch_end_date       }
			]]>
        </if>


        <if test="!@emnet.chat.admin.common.utils.StringUtils@isEmpty(user_schedule_no)">
            <![CDATA[
		 		  AND   S.user_schedule_no      = #{ user_schedule_no       }
			]]>
        </if>
        <if test="!@emnet.chat.admin.common.utils.StringUtils@isEmpty(user_no)">
            <![CDATA[
		 		   AND S.user_no     =  #{ user_no     }
			]]>
        </if>

        <if test="!@emnet.chat.admin.common.utils.StringUtils@isEmpty(user_name)">
            <![CDATA[
		 		   AND U.name    like '%'|| #{user_name} ||'%'
			]]>
        </if>

        <if test="!@emnet.chat.admin.common.utils.StringUtils@isEmpty(schedule_date)">
            <![CDATA[
		 		   AND S.schedule_date     =  #{ schedule_date     }
			]]>
        </if>
        <if test="!@emnet.chat.admin.common.utils.StringUtils@isEmpty(level1_no)">
            <![CDATA[
		 		AND D.level1_no      = #{ level1_no       }
			]]>
        </if>

        <if test="!@emnet.chat.admin.common.utils.StringUtils@isEmpty(level2_no)">
            <![CDATA[
		 		AND D.level2_no      = #{ level2_no       }
			]]>
        </if>

        <if test="!@emnet.chat.admin.common.utils.StringUtils@isEmpty(level3_no)">
            <![CDATA[
		 		AND D.level3_no      = #{ level3_no       }
			]]>
        </if>
        <![CDATA[
         ORDER BY S.schedule_date DESC
         ) A
         WHERE ROWNUM <= 1000

        ]]>
    </select>


    <insert id="insertUserSchedule" parameterType="ReqUserScheduleVO">
        <![CDATA[
        /*USER_SCHEDULEMapper.xml -- insertUserSchedule */
        INSERT INTO ${DB_OWNER}.USER_SCHEDULE
        ( user_schedule_no
        , user_no
        , service_no
        , schedule_date
        , lunch_start_time
        , lunch_end_time
        , rest_end_time
        , rest_start_time
        , data_regr_id
        , data_reg_dtm
        , data_chgr_id
        , data_chg_dtm)
        VALUES ( (
                     SELECT NVL(max(USER_SCHEDULE_NO), 0) + 1
                     FROM ${DB_OWNER}.USER_SCHEDULE
                 )
               , #{ user_no         }
               , #{ service_no      }
               , #{ schedule_date   }
               , #{ lunch_start_time }
               , #{ lunch_end_time  }
               , #{ rest_end_time   }
               , #{ rest_start_time }
               , #{ data_regr_id    }
               , sysdate
               , #{ data_chgr_id    }
               , sysdate)
        ]]>
    </insert>


    <update id="updateUserSchedule" parameterType="ReqUserScheduleVO">

        <![CDATA[
        /*USER_SCHEDULEMapper.xml -- updateUserSchedule */
        UPDATE ${DB_OWNER}.USER_SCHEDULE
        SET schedule_date    = #{ schedule_date   }
          , lunch_start_time = #{ lunch_start_time }
          , lunch_end_time   = #{ lunch_end_time  }
          , rest_end_time    = #{ rest_end_time   }
          , rest_start_time  = #{ rest_start_time }
          , data_chgr_id     = #{ data_chgr_id    }
          , data_chg_dtm     = sysdate
        WHERE 1 = 1
          AND user_schedule_no = #{ user_schedule_no }
          AND user_no = #{ user_no         }
          AND service_no = #{ service_no      }
        ]]>
    </update>


    <delete id="deleteUserSchedule" parameterType="ReqUserScheduleVO">

        <![CDATA[
        /*USER_SCHEDULEMapper.xml -- deleteUserSchedule */
        DELETE
        FROM ${DB_OWNER}.USER_SCHEDULE
        WHERE 1 = 1
          AND user_schedule_no = #{ user_schedule_no }
        ]]>
    </delete>

    <select id="selectUserScheduleEtcList" parameterType="ReqUserScheduleEtcVO" resultType="ResUserScheduleEtcVO">
       <![CDATA[
        /*USER_SCHEDULEMapper.xml -- selectUserScheduleEtcList */

        SELECT ROWNUM as id
             , schedule_etc_no
             , user_schedule_no
             , user_no
             , service_no
             , work_type
             , work_cd
             , start_time
             , end_time
             , ETC_COMMENT as etc_comment

        FROM
            ${DB_OWNER}.USER_SCHEDULE_ETC
        WHERE 1 = 1
          AND user_schedule_no = #{ user_schedule_no  }
        ]]>
    </select>


    <insert id="insertUserScheduleEtc" parameterType="ReqUserScheduleEtcVO">
<![CDATA[
        /*USER_SCHEDULE_ETC.Mapper.xml -- insertUserScheduleEtc */
        INSERT INTO ${DB_OWNER}.USER_SCHEDULE_ETC
            ( schedule_etc_no
            , user_schedule_no
            , user_no
            , service_no
            , work_type
            , work_cd
            , start_time
            , end_time
            , ETC_COMMENT
            , data_regr_id
            , data_reg_dtm
            , data_chgr_id
        , data_chg_dtm)
        VALUES ( (
                     SELECT NVL(max(schedule_etc_no), 0) + 1
                     FROM ${DB_OWNER}.USER_SCHEDULE_ETC
                 )
               , #{ user_schedule_no }
               , #{ user_no         }
               , #{ service_no      }
               , #{ work_type       }
               , #{ work_cd         }
               , #{ start_time      }
               , #{ end_time        }
               , NVL(#{ etc_comment    },'')
               , #{ data_regr_id    }
               , sysdate
               , #{ data_chgr_id    }
               , sysdate)
        ]]>
</insert>


    <update id="updateUserScheduleEtc" parameterType="ReqUserScheduleEtcVO">
<![CDATA[
        /*USER_SCHEDULE_ETC.Mapper.xml -- updateUserScheduleEtc */
        UPDATE ${DB_OWNER}.USER_SCHEDULE_ETC
        SET user_no      = #{ user_no         }
          , service_no   = #{ service_no      }
          , work_type    = #{ work_type       }
          , work_cd      = #{ work_cd         }
          , start_time   = #{ start_time      }
          , end_time     = #{ end_time        }
          , ETC_COMMENT      = #{ comment     }
          , data_chgr_id = #{ data_chgr_id    }
          , data_chg_dtm = sysdate
        WHERE 1 = 1
          AND schedule_etc_no = #{ schedule_etc_no }
          AND user_schedule_no = #{ user_schedule_no }
        ]]>
</update>


    <delete id="deleteUserScheduleEtc" parameterType="ReqUserScheduleEtcVO">
<![CDATA[
        /*USER_SCHEDULE_ETC.Mapper.xml -- deleteUserScheduleEtc */
        DELETE
        FROM ${DB_OWNER}.USER_SCHEDULE_ETC
        WHERE 1 = 1
          AND schedule_etc_no = #{ schedule_etc_no }
          AND user_schedule_no = #{ user_schedule_no }
        ]]>
</delete>

</mapper>