<?xml version="1.0" encoding="UTF-8"?>
<!DOCTYPE mapper PUBLIC "-//mybatis.org//DTD Mapper 3.0//EN" "http://mybatis.org/dtd/mybatis-3-mapper.dtd">
<mapper namespace="emnet.chat.admin.mapper.mst.admin.user.UserMapper">
	<select id="selectUserList" parameterType="ReqUserVO" resultType="ReqUserVO">
		<![CDATA[
			/*USER.Mapper.xml -- selectUserList */
			SELECT
					ROWNUM as id,
					A.*
			FROM (
			SELECT U.service_no
				 , U.user_no
				 , U.permission_no
				 , U.department_no
				 , D.LEVEL1_NAME
				 , D.LEVEL2_NAME
				 , D.LEVEL3_NAME
			     , (  SELECT
						  LISTAGG( K.TITLE, ' ,') WITHIN GROUP (ORDER BY  K.TITLE) AS skill_name
					  FROM ${DB_OWNER}.USER_CONSULT_CATEGORY S,
						   ${DB_OWNER}.CONSULT_CATEGORY K
					  WHERE 1 = 1
						AND S.SERVICE_NO = K.SERVICE_NO
						AND S.CONSULT_CATEGORY_NO = K.CONSULT_CATEGORY_NO
						AND S.SERVICE_NO =  U.SERVICE_NO
						AND S.USER_NO = U.USER_NO
				  ) as category_name
				 , U.group_no
				 , U.emp_no
				 , U.name
				 , U.consult_enable
				 , U.room_limit
				 , U.work_yn
				 , U.work_status_type

			FROM ${DB_OWNER}.USER_M U,
				 (SELECT LEVEL_1.DEPARTMENT_NAME AS level1_name
					   , LEVEL_1.DEPARTMENT_NO   AS level1_no
					   , LEVEL_2.DEPARTMENT_NAME AS level2_name
					   , LEVEL_2.DEPARTMENT_NO   AS level2_no
					   , LEVEL_3.DEPARTMENT_NAME AS level3_name
					   , LEVEL_3.DEPARTMENT_NO   AS level3_no
				  FROM (SELECT DEPARTMENT_NO, DEPARTMENT_NAME, DEPARTMENT_NO_REF
						FROM ${DB_OWNER}.DEPARTMENT
						WHERE DEPARTMENT_LEVEL = 3) LEVEL_3
						  ,
					   (SELECT DEPARTMENT_NO, DEPARTMENT_NAME, DEPARTMENT_NO_REF
						FROM ${DB_OWNER}.DEPARTMENT
						WHERE DEPARTMENT_LEVEL = 2) LEVEL_2
						  ,
					   (SELECT DEPARTMENT_NO, DEPARTMENT_NAME, DEPARTMENT_NO_REF
						FROM ${DB_OWNER}.DEPARTMENT
						WHERE DEPARTMENT_LEVEL = 1) LEVEL_1
				  WHERE LEVEL_1.DEPARTMENT_NO = LEVEL_2.DEPARTMENT_NO_REF(+)
					AND LEVEL_2.DEPARTMENT_NO = LEVEL_3.DEPARTMENT_NO_REF(+)) D
			WHERE U.DEPARTMENT_NO = D.LEVEL3_NO(+)


		]]>
		<if test="!@emnet.chat.admin.common.utils.StringUtils@isEmpty(service_no)">
			<![CDATA[
		 		AND service_no      = #{ service_no       }
			]]>
		</if>

		<if test="!@emnet.chat.admin.common.utils.StringUtils@isEmpty(name)">
			<![CDATA[
		 		AND name like '%'|| #{name} ||'%'
			]]>
		</if>


		<if test="!@emnet.chat.admin.common.utils.StringUtils@isEmpty(user_no)">
			<![CDATA[
		 		AND user_no      = #{ user_no       }
			]]>
		</if>

		<if test="!@emnet.chat.admin.common.utils.StringUtils@isEmpty(emp_no)">
			<![CDATA[
		 		AND emp_no      = #{ emp_no       }
			]]>
		</if>

		<if test="!@emnet.chat.admin.common.utils.StringUtils@isEmpty(level1_no)">
			<![CDATA[
		 		AND D.level1_no      = #{ level1_no       }
			]]>
		</if>

		<if test="!@emnet.chat.admin.common.utils.StringUtils@isEmpty(level2_no)">
			<![CDATA[
		 		AND D.level2_no      = #{ level2_no       }
			]]>
		</if>

		<if test="!@emnet.chat.admin.common.utils.StringUtils@isEmpty(level3_no)">
			<![CDATA[
		 		AND D.level3_no      = #{ level3_no       }
			]]>
		</if>
		<![CDATA[

			ORDER BY  U.name
			) A
		]]>
	</select>
	<insert id="insertUser" parameterType="ReqUserVO">
		<![CDATA[
			/*USER.Mapper.xml -- insertUser */
			INSERT INTO ${DB_OWNER}.USER_M
		 (
			   service_no
			  ,user_no
			  ,permission_no
			  ,department_no
			  ,group_no
			  ,emp_no
			  ,passwd
			  ,`name`
			  ,consult_enable
			  ,work_status_type
			  , work_yn
			  ,data_regr_id
			  ,data_reg_dtm
			  ,data_chgr_id
			  ,data_chg_dtm
		)
		VALUES
		 (
			    #{ service_no      }
			  , #{ user_no         }
			  , #{ permission_no   }
			  , #{ department_no   }
			  , #{ group_no        }
			  , #{ emp_no          }
			  , #{ passwd          }
			  , #{ name            }
			  , #{ consult_enable  }
			  , #{ work_status_type  }
			  , #{ work_yn         }
			  , #{ data_regr_id    }
			  , sysdate
			  , #{ data_chgr_id    }
			  , sysdate
			  )
		]]>
	</insert>
	<update id="updateUser" parameterType="ReqUserVO">
		<![CDATA[
			/*USER.Mapper.xml -- updateUser */
			UPDATE ${DB_OWNER}.USER_M
			SET 
			   permission_no   =  #{ permission_no   }
			 , department_no   =  #{ department_no   }
			 , group_no        =  #{ group_no        }
			 , emp_no          =  #{ emp_no          }
			 , name            =  #{ name            }

			 , consult_enable  =  #{ consult_enable  }
			 , work_yn          =  #{ work_yn        }
			 , data_chgr_id    =  #{ data_chgr_id    }
			 , data_chg_dtm    =  sysdate
			WHERE 1 = 1
			AND service_no      = #{ service_no      }
			AND user_no         = #{ user_no         }
		]]>
	</update>
	<delete id="deleteUser" parameterType="ReqUserVO" >
		<![CDATA[
			/*USER.Mapper.xml -- deleteUser */
			DELETE FROM USER
			WHERE 1 = 1
			AND service_no      = #{ service_no      }
			AND user_no         = #{ user_no         }
			
		]]>
	</delete>

	<select id="selectCheckMenuChildYn" resultType="string" parameterType="RspMenuVO">
        SELECT CASE WHEN COUNT(*) > 0 THEN 'Y'
                ELSE 'N' END ADMIN_YN
        FROM ${DB_OWNER}.USER_M USR,
            ${DB_OWNER}."PERMISSION" PM,
            ${DB_OWNER}."MENU_PERMISSION_MAPPING" MPM,
            ${DB_OWNER}.MENU MN
        WHERE USR.SERVICE_NO = PM.SERVICE_NO
            AND USR.PERMISSION_NO = PM.PERMISSION_NO
            AND PM.SERVICE_NO = MPM.SERVICE_NO
            AND PM.PERMISSION_NO = MPM.PERMISSION_NO
            AND MPM.SERVICE_NO = MN.SERVICE_NO
            AND MPM.MENU_NO = MN.MENU_NO
            AND ROWNUM = 1
            AND MN.PARENT_MENU_NO = #{parent_menu_no}
            AND USR.SERVICE_NO = #{service_no}
            AND USR.USER_NO = #{user_no}
    </select>
</mapper>