<?xml version="1.0" encoding="UTF-8"?>
<!DOCTYPE mapper PUBLIC "-//mybatis.org//DTD Mapper 3.0//EN" "http://mybatis.org/dtd/mybatis-3-mapper.dtd">
<mapper namespace="emnet.chat.admin.mapper.mst.admin.consult.ConsultConfQuestionMapper">
<!--ReqConsultConfQuestionVO-->

    <select id="selectConsultConfQuestionList" parameterType="ReqConsultConfQuestionVO" resultType="ReqConsultConfQuestionVO">
        <![CDATA[
            /*ConsultConfQuestionMapper.xml -- selectConsultConfQuestionList */
            SELECT ROWNUM as id
                , A.*
            FROM (
                SELECT
                   Q.question_no
                 , Q.service_no
                 , Q.question_body
                 , Q.question_type
                 , Q.sort_num
                 , Q.use_yn
                 , NVL(A.answer_cnt,0) answer_cnt
            FROM
                ${DB_OWNER}.CONSULT_CONF_QUESTION Q ,
                (SELECT QUESTION_NO , COUNT(*) answer_cnt
                    FROM ${DB_OWNER}.CONSULT_CONF_ANSWER
                    GROUP BY QUESTION_NO
                ) A
            WHERE  Q.QUESTION_NO = A.QUESTION_NO(+)

        ]]>

        <if test="!@emnet.chat.admin.common.utils.StringUtils@isEmpty(question_no)">
            <![CDATA[
		 		 AND Q.question_no     = #{ question_no      }
			]]>
        </if>

        <if test="!@emnet.chat.admin.common.utils.StringUtils@isEmpty(service_no)">
            <![CDATA[
		 		 AND Q.service_no     = #{ service_no      }
			]]>
        </if>

        <if test="!@emnet.chat.admin.common.utils.StringUtils@isEmpty(use_yn)">
            <![CDATA[
		 		 AND Q.use_yn     = #{ use_yn      }
			]]>
        </if>
        <![CDATA[
			ORDER BY Q.sort_num
			) A
		]]>

    </select>


    <insert id="insertConsultConfQuestion" parameterType="ReqConsultConfQuestionVO" >
        <![CDATA[
            /*ConsultConfQuestionMapper.xml -- insertConsultConfQuestion */
            INSERT INTO ${DB_OWNER}.CONSULT_CONF_QUESTION
             (
                    question_no
                  , service_no
                  , question_body
                  , question_type
                  , sort_num
                  , use_yn
                  , data_regr_id
                  , data_reg_dtm
                  , data_chgr_id
                  , data_chg_dtm
            )
            VALUES
             (
                    (
                        select
                            NVL(MAX(question_no),0) +1
                        from ${DB_OWNER}.CONSULT_CONF_QUESTION
                    )
                  , #{ service_no      }
                  , #{ question_body   }
                  , #{ question_type   }
                  , #{ sort_num        }
                  , #{ use_yn          }
                  , #{ data_regr_id    }
                  , sysdate
                  , #{ data_chgr_id    }
                  , sysdate
            )
        ]]>
    </insert>


    <update id="updateConsultConfQuestion" parameterType="ReqConsultConfQuestionVO" >
        <![CDATA[
            /*ConsultConfQuestionMapper.xml -- updateConsultConfQuestion */
            UPDATE ${DB_OWNER}.CONSULT_CONF_QUESTION
            SET
               question_no     =  #{ question_no     }
             , service_no      =  #{ service_no      }
             , question_body   =  #{ question_body   }
             , question_type   =  #{ question_type   }
             , sort_num        =  #{ sort_num        }
             , use_yn          =  #{ use_yn          }
             , data_chgr_id    =  #{ data_chgr_id    }
             , data_chg_dtm    =  sysdate
            WHERE 1 = 1
            AND question_no     = #{ question_no     }
            AND service_no      = #{ service_no      }

        ]]>
    </update>


    <delete id="deleteConsultConfQuestion" parameterType="ReqConsultConfQuestionVO" >
        <![CDATA[
            /*ConsultConfQuestionMapper.xml -- deleteConsultConfQuestion */
            DELETE FROM ${DB_OWNER}.CONSULT_CONF_QUESTION
            WHERE 1 = 1
            AND question_no     = #{ question_no     }
            AND service_no      = #{ service_no      }

        ]]>
    </delete>


</mapper>