<?xml version="1.0" encoding="UTF-8"?>
<!DOCTYPE mapper PUBLIC "-//mybatis.org//DTD Mapper 3.0//EN" "http://mybatis.org/dtd/mybatis-3-mapper.dtd">
<mapper namespace="emnet.chat.admin.mapper.mst.admin.consult.ConsultMapper">


    <select id="selectConsultList" parameterType="ReqConsultVO" resultType="ResConsultVO">
        <![CDATA[

        /*ConsultMapper.xml -- selectConsultList */
          SELECT A.* , ROWNUM as    id
           FROM (
            SELECT  CT.service_no
             ,  CT.consult_no
             ,  TO_CHAR(CT.START_TIME,'YYYY-MM-DD') consult_date
             ,  CT.customer_no
             ,  C.NAME as customer_name
             ,  C.user_id as customer_id
             ,  CT.skill_no
             ,  CT.consult_category_no
             ,  CT.consult_status
             ,  ${DB_OWNER}.FNC_COM_CODE_NM('CONSULT_STATUS',CT.consult_status) consult_status_nm
             ,  NVL(CT.REQ_TYPE,'READY') req_type
             ,  ${DB_OWNER}.FNC_COM_CODE_NM('CONSULT_ETC_TYPE',NVL(CT.REQ_TYPE,'READY')) req_type_nm
             ,  CT.user_no
             ,  U.NAME consultant_name
             ,  CT.department_no
             ,  TO_CHAR(CT.start_time,'yyyy-MM-dd hh24:mi:ss') start_time
             ,  CT.distribute_time
             ,  CT.chat_start_time
             ,  CT.end_time
             ,  CT.end_type
             ,  CT.income_type
             ,  ${DB_OWNER}.FNC_TIME_DIFF_TO_STRING(CT.start_time,NVL(CHAT_START_TIME,NVL2(CT.end_time,CT.end_time,sysdate))) wait_time_diff
             ,  ${DB_OWNER}.FNC_COM_CODE_NM('CONSULT_INCOME_TYPE',CT.income_type) consult_income_type_nm
             ,  CT.auth_cd
             ,  ${DB_OWNER}.FNC_COM_CODE_NM('CONSULT_AUTH_CD',CT.auth_cd) consult_auth_cd_nm
             ,  CT.result_yn
             ,  CT.consult_memo
        FROM
            ${DB_OWNER}.CONSULT CT , ${DB_OWNER}.V_DEPT D , ${DB_OWNER}.CUSTOMER C , ${DB_OWNER}.USER_M U
        WHERE  CT.CUSTOMER_NO = C.CUSTOMER_NO
            AND CT.department_no = D.level3_no
            AND CT.USER_NO = U.USER_NO

    ]]>

        <if test="!@emnet.chat.admin.common.utils.StringUtils@isEmpty(service_no)">
            <![CDATA[
		 		  AND   CT.service_no      = #{ service_no       }
			]]>
        </if>


        <if test="!@emnet.chat.admin.common.utils.StringUtils@isEmpty(consult_category_no)">
            <![CDATA[
		 		AND CT.consult_category_no      = #{ consult_category_no       }
        ]]>
        </if>


        <if test="!@emnet.chat.admin.common.utils.StringUtils@isEmpty(sch_start_date)">
            <![CDATA[
		 		  AND  TO_CHAR(CT.start_time,'YYYYMMDD')     >= #{ sch_start_date       }
			]]>
        </if>

        <if test="!@emnet.chat.admin.common.utils.StringUtils@isEmpty(sch_start_date)">
            <![CDATA[
		 		  AND  TO_CHAR(CT.start_time,'YYYYMMDD')     <= #{ sch_end_date       }
			]]>
        </if>

        <if test="!@emnet.chat.admin.common.utils.StringUtils@isEmpty(consult_status)">
            <![CDATA[
		 		  AND   CT.consult_status      = #{ consult_status       }
			]]>
        </if>

        <if test="!@emnet.chat.admin.common.utils.StringUtils@isEmpty(user_no)">
            <![CDATA[
		 		   AND CT.user_no     =  #{ user_no     }
			]]>
        </if>

        <if test="!@emnet.chat.admin.common.utils.StringUtils@isEmpty(level1_no)">
            <![CDATA[
		 		AND D.level1_no      = #{ level1_no       }
			]]>
        </if>

        <if test="!@emnet.chat.admin.common.utils.StringUtils@isEmpty(level2_no)">
            <![CDATA[
		 		AND D.level2_no      = #{ level2_no       }
			]]>
        </if>

        <if test="!@emnet.chat.admin.common.utils.StringUtils@isEmpty(level3_no)">
            <![CDATA[
		 		AND D.level3_no      = #{ level3_no       }
        ]]>
        </if>


        <![CDATA[
            ORDER BY CT.consult_no DESC
         ) A
         WHERE ROWNUM <= 1000
        ]]>
    </select>

    <select id="selectChangeUserConsult" parameterType="ReqConsultChangeVO" resultType="ReqConsultChangeVO">
        <![CDATA[
        SELECT CT.consult_no
             , CT.req_consult_category_no as consult_category_no
             , D.level1_name
             , D.level2_name
             , D.level3_name
             , CT.req_type
             , CT.req_reason
             , CT.req_user_no
             , U.NAME                        change_user_name
        FROM ${DB_OWNER}.CONSULT CT,
             ${DB_OWNER}.V_DEPT D,
             ${DB_OWNER}.USER_M U
        WHERE CT.department_no = D.level3_no
          AND CT.REQ_USER_NO = U.USER_NO
          AND CT.service_no = #{ service_no}
          AND CT.CONSULT_NO = #{consult_no}
          AND CT.REQ_TYPE != 'READY'
        ]]>
    </select>


    <select id="selectConsultStats" parameterType="ReqConsultStatusVO" resultType="ReqConsultStatusVO">
        <![CDATA[
        select NVL(SUM(case when CONSULT_STATUS = 'READY' THEN 1 ELSE 0 end), 0) waiting_cnt
             , NVL(SUM(case when CONSULT_STATUS = 'BUSY' THEN 1 ELSE 0 end), 0)    busy_cnt
             , NVL(SUM(case when CONSULT_STATUS = 'END' AND END_TYPE  != 'WAITING' AND DEPARTMENT_NO IS NOT NULL  THEN 1 ELSE 0 end), 0)     end_cnt
        from ${DB_OWNER}.CONSULT CON
        WHERE 1 = 1
          AND TO_CHAR(START_TIME, 'YYYY-MM-DD') = TO_CHAR(SYSDATE, 'YYYY-MM-DD')
        ]]>
        <if test="!@emnet.chat.admin.common.utils.StringUtils@isEmpty(service_no)">
            <![CDATA[
		 		  AND   CON.service_no      = #{ service_no       }
			]]>
        </if>
    </select>

    <update id="updateConsult" parameterType="ReqConsultVO">
    <![CDATA[
        /*ConsultMapper.xml -- updateConsult */
        UPDATE ${DB_OWNER}.CONSULT
        SET skill_no            = #{ skill_no        }
          , consult_category_no = #{ consult_category_no }
          , consult_status      = #{ consult_status  }
          , req_type            = #{ req_type        }
          , user_no             = #{ user_no         }
          , department_no       = #{ department_no   }
          , start_time          = #{ start_time      }
          , distribute_time     = #{ distribute_time }
          , end_time            = #{ end_time        }
          , end_type            = #{ end_type        }
          , income_type         = #{ income_type     }
          , auth_cd             = #{ auth_cd         }
          , result_yn           = #{ result_yn       }
          , consult_memo        = #{ consult_memo    }
          , chat_start_time     = #{ chat_start_time }
          , data_chgr_id        = #{ data_chgr_id    }
          , data_chg_dtm        = sysdate
        WHERE 1 = 1
          AND service_no = #{ service_no      }
          AND consult_no = #{ consult_no      }
        ]]>
    </update>


    <delete id="deleteConsult" parameterType="ReqConsultVO">
    <![CDATA[
        /*ConsultMapper.xml -- deleteConsult */
        DELETE
        FROM ${DB_OWNER}.CONSULT
        WHERE 1 = 1
          AND service_no = #{ service_no      }
          AND consult_no = #{ consult_no      }
        ]]>
    </delete>


</mapper>