<?xml version="1.0" encoding="UTF-8"?>
<!DOCTYPE mapper PUBLIC "-//mybatis.org//DTD Mapper 3.0//EN" "http://mybatis.org/dtd/mybatis-3-mapper.dtd">
<mapper namespace="emnet.chat.admin.mapper.mst.admin.consult.ConsultVipMapper">

    <select id="selectConsultVipList" parameterType="ReqConsultVipVO" resultType="ResConsultVipVO">
        <![CDATA[
            /*VIPMapper.xml -- selectVipList */
        SELECT A.* , ROWNUM as id
        FROM (
            SELECT
                  V.vip_no
                , V.service_no
                , V.user_no
                , U.NAME as user_name
                , V.customer_no
                , C.NAME as customer_name
                , C.user_id
                , V.reason
                , V.data_regr_id
                , V.data_reg_dtm
                , V.data_chgr_id
                , V.data_chg_dtm
           from ${DB_OWNER}.VIP V , ${DB_OWNER}.CUSTOMER C , ${DB_OWNER}.USER_M U

        WHERE V.CUSTOMER_NO = C.CUSTOMER_NO
          AND V.SERVICE_NO = C.SERVICE_NO
          AND V.DATA_REGR_ID = U.USER_NO(+)


        ]]>
        <if test="!@emnet.chat.admin.common.utils.StringUtils@isEmpty(service_no)">
            <![CDATA[
		 		  AND   V.service_no      = #{ service_no       }
			]]>
        </if>
        <if test="!@emnet.chat.admin.common.utils.StringUtils@isEmpty(customer_name)">
            <![CDATA[
		 		   AND C.NAME  = #{ customer_name     }
			]]>
        </if>

        <if test="!@emnet.chat.admin.common.utils.StringUtils@isEmpty(vip_no)">
            <![CDATA[
		 		   AND V.vip_no    = #{ vip_no     }
			]]>
        </if>



        <![CDATA[
			)   A
			WHERE 1 = 1
            AND ROWNUM < 1000
        ]]>
    </select>


    <insert id="insertVip" parameterType="ReqConsultVipVO" >
        <![CDATA[
            /*VIP.Mapper.xml -- insertVip */
            INSERT INTO ${DB_OWNER}.VIP
         (
              vip_no
              ,service_no
              ,user_no
              ,customer_no
              ,reason
              ,data_regr_id
              ,data_reg_dtm
              ,data_chgr_id
              ,data_chg_dtm
        )
        VALUES
         (
              (	select
                        NVL(MAX(vip_no),0) +1
                    from ${DB_OWNER}.VIP
              )
              , #{ service_no      }
              , #{ user_no         }
              , #{ customer_no     }
              , #{ reason          }
              , #{ data_regr_id    }
              , sysdate
              , #{ data_chgr_id    }
              , sysdate
        )

        ]]>
    </insert>


    <update id="updateVip" parameterType="ReqConsultVipVO" >
        <![CDATA[
            /*VIP.Mapper.xml -- updateVip */
            UPDATE ${DB_OWNER}.VIP
            SET
               user_no         =  #{ user_no         }
             , customer_no     =  #{ customer_no     }
             , vip_level       =  #{ vip_level       }
             , reason          =  #{ reason          }
             , data_chgr_id    =  #{ data_chgr_id    }
             , data_chg_dtm    =  sysdate
            WHERE 1 = 1
            AND vip_no          = #{ vip_no          }
            AND service_no      = #{ service_no      }
        ]]>
    </update>

    <delete id="deleteVip" parameterType="ReqConsultVipVO" >
        <![CDATA[
            /*VIPMapper.xml -- deleteVip */
            DELETE FROM ${DB_OWNER}.VIP
            WHERE 1 = 1
            AND vip_no          = #{ vip_no          }
            AND service_no      = #{ service_no      }
        ]]>
    </delete>

</mapper>