<?xml version="1.0" encoding="UTF-8"?>
<!DOCTYPE mapper PUBLIC "-//mybatis.org//DTD Mapper 3.0//EN" "http://mybatis.org/dtd/mybatis-3-mapper.dtd">
<mapper namespace="emnet.chat.admin.mapper.mst.admin.consult.ConsultCategoryMapper">

    <select id="selectConsultCategoryList" parameterType="ReqConsultCategoryVO" resultType="ReqConsultCategoryVO">
        <![CDATA[
            /*CONSULT_CATEGORY.Mapper.xml -- selectConsultCategoryList */
            SELECT A.*,
                 ROWNUM as id
            FROM
            (
            SELECT service_no
                , consult_category_no
                , title
                , content
                , content_yn
                , use_yn
                , ${DB_OWNER}.FNC_COM_CODE_NM('USE_YN' , use_yn) use_yn_nm
                , ${DB_OWNER}.FNC_COM_CODE_NM('USE_YN' , content_yn) content_yn_nm
                , order_no
                , data_regr_id
                , data_reg_dtm
                , data_chgr_id
                , data_chg_dtm
            FROM
                ${DB_OWNER}.CONSULT_CATEGORY
            WHERE   1 = 1

        ]]>
        <if test="!@emnet.chat.admin.common.utils.StringUtils@isEmpty(service_no)">
            <![CDATA[
		 		   AND service_no    = #{ service_no     }
			]]>
        </if>


        <![CDATA[
			ORDER BY order_no

			) A
			WHERE ROWNUM <= 1000
	    ]]>
        </select>


    <insert id="insertConsultCategory" parameterType="ReqConsultCategoryVO" >

        /*DEPARTMENT.Mapper.xml -- insertDepartment */
        <selectKey keyProperty="consult_category_no" resultType="string" order="BEFORE">
            <![CDATA[
				select
					NVL(MAX(consult_category_no),0) +1
				from ${DB_OWNER}.CONSULT_CATEGORY
				]]>

        </selectKey>

        <![CDATA[
            /*CONSULT_CATEGORY.Mapper.xml -- insertConsultCategory */
            INSERT INTO ${DB_OWNER}.CONSULT_CATEGORY
         (
              service_no
              ,consult_category_no
              ,title
              ,content
              ,content_yn
              ,use_yn
              ,order_no
              ,data_regr_id
              ,data_reg_dtm
              ,data_chgr_id
              ,data_chg_dtm
        )
        VALUES
         (
                #{ service_no      }
              , #{ consult_category_no }
              , #{ title      , jdbcType=VARCHAR}
              , #{ content    , jdbcType=VARCHAR}
              , #{ content_yn , jdbcType=VARCHAR}
              , #{ use_yn     , jdbcType=VARCHAR}
              , #{ order_no        }
              , #{ data_regr_id    }
              , sysdate
              , #{ data_chgr_id    }
              , sysdate
              )
        ]]>
    </insert>


    <update id="updateConsultCategory" parameterType="ReqConsultCategoryVO" >
        <![CDATA[
            /*CONSULT_CATEGORY.Mapper.xml -- updateConsultCategory */
            UPDATE ${DB_OWNER}.CONSULT_CATEGORY
            SET
               title           =  #{ title          , jdbcType=VARCHAR }
             , content         =  #{ content        , jdbcType=VARCHAR }
             , content_yn      =  #{ content_yn     , jdbcType=VARCHAR }
             , use_yn          =  #{ use_yn         , jdbcType=VARCHAR }
             , order_no        =  #{ order_no        }
             , data_regr_id    =  #{ data_regr_id    }
             , data_reg_dtm    = sysdate
             , data_chgr_id    =  #{ data_chgr_id    }
             , data_chg_dtm    = sysdate
            WHERE 1 = 1
            AND service_no      = #{ service_no      }
            AND consult_category_no = #{ consult_category_no }

        ]]>
    </update>


    <delete id="deleteConsultCategory" parameterType="ReqConsultCategoryVO" >
        <![CDATA[
            /*CONSULT_CATEGORY.Mapper.xml -- deleteConsultCategory */
            DELETE FROM ${DB_OWNER}.CONSULT_CATEGORY
            WHERE 1 = 1
            AND service_no      = #{ service_no      }
            AND consult_category_no = #{ consult_category_no }

        ]]>
    </delete>

</mapper>