<?xml version="1.0" encoding="UTF-8"?>
<!DOCTYPE mapper PUBLIC "-//mybatis.org//DTD Mapper 3.0//EN" "http://mybatis.org/dtd/mybatis-3-mapper.dtd">
<mapper namespace="emnet.chat.admin.mapper.mst.admin.consult.ConsultConfAnswerMapper">

    <select id="selectConsultConfAnswerList" parameterType="ReqConsultConfAnswerVO" resultType="ReqConsultConfAnswerVO">
        <![CDATA[
            /*ConsultConfAnswerMapper.xml -- selectConsultConfAnswerList */
            SELECT ROWNUM as id
                , A.*
            FROM
                (
                    SELECT
                          question_no
                        , answer_no
                        , service_no
                        , answer_body
                        , answer_score
                        , sort_num
                        , use_yn
                        , data_regr_id
                        , data_reg_dtm
                        , data_chgr_id
                        , data_chg_dtm
                    FROM
                        ${DB_OWNER}.CONSULT_CONF_ANSWER
                    WHERE   1 = 1
         ]]>


        <if test="!@emnet.chat.admin.common.utils.StringUtils@isEmpty(question_no)">
            <![CDATA[
		 		 AND question_no     = #{ question_no      }
			]]>
        </if>

        <if test="!@emnet.chat.admin.common.utils.StringUtils@isEmpty(answer_no)">
            <![CDATA[
		 		 AND answer_no     = #{ answer_no      }
			]]>
        </if>
        <if test="!@emnet.chat.admin.common.utils.StringUtils@isEmpty(service_no)">
            <![CDATA[
		 		 AND service_no     = #{ service_no      }
			]]>
        </if>

        <if test="!@emnet.chat.admin.common.utils.StringUtils@isEmpty(use_yn)">
            <![CDATA[
		 		 AND use_yn     = #{ use_yn      }
			]]>
        </if>

        <![CDATA[
			ORDER BY sort_num
			) A
		]]>
    </select>


    <insert id="insertConsultConfAnswer" parameterType="ReqConsultConfAnswerVO" >
    <![CDATA[
        /*ConsultConfAnswerMapper.xml -- insertConsultConfAnswer */
        INSERT INTO ${DB_OWNER}.CONSULT_CONF_ANSWER
     (
           question_no
          ,answer_no
          ,service_no
          ,answer_body
          ,answer_score
          ,sort_num
          ,use_yn
          ,data_regr_id
          ,data_reg_dtm
          ,data_chgr_id
          ,data_chg_dtm
    )
    VALUES
     (
            #{ question_no     }
          ,  (
                select
                    NVL(MAX(answer_no),0) +1
                from ${DB_OWNER}.CONSULT_CONF_ANSWER
                WHERE question_no = #{question_no}
             )
          , #{ service_no      }
          , #{ answer_body     }
          , #{ answer_score    }
          , #{ sort_num        }
          , #{ use_yn          }
          , #{ data_regr_id    }
          , sysdate
          , #{ data_chgr_id    }
          , sysdate
    )]]>
    </insert>


    <update id="updateConsultConfAnswer" parameterType="ReqConsultConfAnswerVO" >
<![CDATA[
	/*ConsultConfAnswerMapper.xml -- updateConsultConfAnswer */
	UPDATE ${DB_OWNER}.CONSULT_CONF_ANSWER
	SET
	   answer_body     =  #{ answer_body     }
	 , answer_score    =  #{ answer_score    }
	 , sort_num        =  #{ sort_num        }
	 , use_yn          =  #{ use_yn          }
	 , data_chgr_id    =  #{ data_chgr_id    }
	 , data_chg_dtm    =  sysdate
	WHERE 1 = 1
	AND question_no     = #{ question_no     }
	AND answer_no       = #{ answer_no       }
	AND service_no      = #{ service_no      }
]]>
</update>


    <delete id="deleteConsultConfAnswer" parameterType="ReqConsultConfAnswerVO" >
<![CDATA[
	/*ConsultConfAnswerMapper.xml -- deleteConsultConfAnswer */
	DELETE FROM ${DB_OWNER}.CONSULT_CONF_ANSWER
	WHERE 1 = 1
	AND question_no     = #{ question_no     }
	AND answer_no       = #{ answer_no       }
	AND service_no      = #{ service_no      }
]]>
</delete>


</mapper>