<?xml version="1.0" encoding="UTF-8"?>
<!DOCTYPE mapper PUBLIC "-//mybatis.org//DTD Mapper 3.0//EN" "http://mybatis.org/dtd/mybatis-3-mapper.dtd">
<mapper namespace="emnet.chat.admin.mapper.mst.system.ComCodeMapper">
    <select id="selectComCodeGroupList" parameterType="ComCodeMstVO" resultType="ComCodeMstVO">
        <![CDATA[

			/*ComCodeMapper.xml  -- selectComCdMstList */
			SELECT
			      ROWNUM as id
				, com_group_cd
				, com_group_cd_nm
				, ETC_COMMENT
				, use_yn
				, data_regr_id
				, data_reg_dtm
				, data_chgr_id
				, data_chg_dtm
			FROM
			    ${DB_OWNER}.COM_CD_MST
			WHERE   1 = 1

        ]]>
        <if test="!@emnet.chat.admin.common.utils.StringUtils@isEmpty(com_group_cd)">
            <![CDATA[
		 		   AND com_group_cd    = #{ com_group_cd     }
			]]>
        </if>
        <if test="!@emnet.chat.admin.common.utils.StringUtils@isEmpty(com_group_cd_nm)">
            <![CDATA[
		 			AND com_group_cd_nm like '%'|| #{com_group_cd_nm} ||'%'
			]]>
        </if>

        <if test="!@emnet.chat.admin.common.utils.StringUtils@isEmpty(use_yn)">
            <![CDATA[
		 			AND use_yn = #{use_yn}
			]]>
        </if>
    </select>


    <insert id="insertComCodeMst" parameterType="ComCodeMstVO">
		<![CDATA[

             /*ComCodeMapper.xml  -- insertComCodeMst */
                INSERT INTO ${DB_OWNER}.COM_CD_MST
                 (
                        com_group_cd
                      , com_group_cd_nm
                      , ETC_COMMENT
                      , use_yn
                      , data_regr_id
                      , data_reg_dtm
                      , data_chgr_id
                      , data_chg_dtm
                )
                VALUES
                 (
                        #{ com_group_cd    }
                      , #{ com_group_cd_nm    , jdbcType=VARCHAR}
                      , #{ com_group_comment  , jdbcType=VARCHAR}
                      , #{ use_yn             , jdbcType=VARCHAR}
                      , #{ data_regr_id    }
                      , sysdate
                      , #{ data_chgr_id    }
                      , sysdate
                  )

        ]]>
	</insert>


    <update id="updateComCodeMst" parameterType="ComCodeMstVO">
		<![CDATA[

            /*ComCodeMapper.xml  -- updateComCodeMst */
            UPDATE ${DB_OWNER}.COM_CD_MST
            SET
               com_group_cd    =  #{ com_group_cd    }
             , com_group_cd_nm =  #{ com_group_cd_nm }
             , ETC_COMMENT =  #{ com_group_comment  , jdbcType=VARCHAR}
             , use_yn          =  #{ use_yn          }
             , data_chgr_id    =  #{ data_chgr_id    }
             , data_chg_dtm    =  sysdate
            WHERE 1 = 1
            AND com_group_cd    = #{ com_group_cd    }

        ]]>
	</update>


    <delete id="deleteComCodeMst" parameterType="ComCodeMstVO">
		<![CDATA[

            /*ComCodeMapper.xml  -- deleteComCodeMst */
            DELETE FROM ${DB_OWNER}.COM_CD_MST
            WHERE 1 = 1
            AND com_group_cd    = #{ com_group_cd    }

        ]]>
	</delete>


    <select id="selectComCodeList" parameterType="ComCodeDtlVO" resultType="ComCodeDtlVO">
        <![CDATA[

			/*ComCodeMapper.xml -- selectComCodeList */
			SELECT ROWNUM as id,
			       com_group_cd,
                   com_cd,
                   com_cd_nm,
                   ref_01,
                   ref_02,
                   ref_03,
                   ref_04,
                   ref_05,
                   use_yn,
                   sort_no,
                   data_regr_id,
                   data_reg_dtm,
                   data_chgr_id,
                   data_chg_dtm
            FROM ${DB_OWNER}.COM_CD_DTL
			WHERE   1 = 1

        ]]>
        <if test="!@emnet.chat.admin.common.utils.StringUtils@isEmpty(com_group_cd)">
            <![CDATA[
		 		   AND com_group_cd    = #{ com_group_cd     }
			]]>
        </if>
        <if test="!@emnet.chat.admin.common.utils.StringUtils@isEmpty(com_cd)">
            <![CDATA[
		 			AND com_cd  = #{com_cd}
			]]>
        </if>
    </select>



    <insert id="insertComCode" parameterType="ComCodeDtlVO" >
        <![CDATA[
            /*COM_CD_DTL.Mapper.xml -- insertComCdDtl */
            INSERT INTO ${DB_OWNER}.COM_CD_DTL
         (
              com_group_cd
              ,com_cd
              ,com_cd_nm
              ,ref_01
              ,ref_02
              ,ref_03
              ,ref_04
              ,ref_05
              ,use_yn
              ,sort_no
              ,data_regr_id
              ,data_reg_dtm
              ,data_chgr_id
              ,data_chg_dtm
        )
        VALUES
         (
                #{ com_group_cd    }
              , #{ com_cd          }
              , #{ com_cd_nm       }
              , #{ ref_01          }
              , #{ ref_02          }
              , #{ ref_03          }
              , #{ ref_04          }
              , #{ ref_05          }
              , #{ use_yn          }
              , #{ sort_no         }
              , #{ data_regr_id    }
              , SYSDATE
              , #{ data_chgr_id    }
              , SYSDATE
         )
        ]]>
    </insert>


    <update id="updateComCode" parameterType="ComCodeDtlVO" >
        <![CDATA[
            /*COM_CD_DTL.Mapper.xml -- updateComCdDtl */
            UPDATE ${DB_OWNER}.COM_CD_DTL
            SET
               com_cd_nm       =  #{ com_cd_nm       }
             , ref_01          =  #{ ref_01          }
             , ref_02          =  #{ ref_02          }
             , ref_03          =  #{ ref_03          }
             , ref_04          =  #{ ref_04          }
             , ref_05          =  #{ ref_05          }
             , use_yn          =  #{ use_yn          }
             , sort_no         =  #{ sort_no         }
             , data_chgr_id    =  #{ data_chgr_id    }
             , data_chg_dtm    =  sysdate
            WHERE 1 = 1
            AND com_group_cd    = #{ com_group_cd    }
            AND com_cd          = #{ com_cd          }

        ]]>
    </update>


    <delete id="deleteComCode" parameterType="ComCodeDtlVO" >
        <![CDATA[
            /*COM_CD_DTL.Mapper.xml -- deleteComCdDtl */
            DELETE FROM ${DB_OWNER}.COM_CD_DTL
            WHERE 1 = 1
            AND com_group_cd    = #{ com_group_cd    }
            AND com_cd          = #{ com_cd          }

        ]]>
    </delete>


</mapper>