<?xml version="1.0" encoding="UTF-8"?>
<!DOCTYPE mapper PUBLIC "-//mybatis.org//DTD Mapper 3.0//EN" "http://mybatis.org/dtd/mybatis-3-mapper.dtd">
<mapper namespace="emnet.chat.admin.mapper.mst.admin.system.MenuMapper">


    <select id="selectMenuList" parameterType="ReqMenuLevelVO" resultType="ReqMenuLevelVO">
		<![CDATA[

			/* MenuMapper.xml -- selectMenuList */
			SELECT MENU_LEVEL_0.MENU_NO                                                                  MENU_0_NO,
				   MENU_LEVEL_0.MENU_NAME                                                                MENU_0_NAME,
				   COUNT('X') OVER ( PARTITION BY MENU_LEVEL_0.MENU_NO )                                 LEVEL0_ROW_SPAN,
				  ROW_NUMBER() OVER ( PARTITION BY MENU_LEVEL_0.MENU_NO ORDER BY NVL(MENU_LEVEL_2.MENU_NO, MENU_LEVEL_1.MENU_NO) ) LEVEL0_RANK,
				   MENU_LEVEL_1.MENU_NO                                                                  MENU_1_NO,
				   MENU_LEVEL_1.MENU_NAME                                                                MENU_1_NAME,
				   COUNT('X') OVER ( PARTITION BY MENU_LEVEL_1.MENU_NO )                                 LEVEL1_ROW_SPAN,
				   RANK() OVER ( PARTITION BY MENU_LEVEL_1.MENU_NO ORDER BY MENU_LEVEL_2.SORT_NO )       LEVEL1_RANK,
				   NVL(MENU_LEVEL_2.MENU_NO, MENU_LEVEL_1.MENU_NO)                                       LEVEL3_NO,
				   NVL(MENU_LEVEL_2.MENU_NAME, MENU_LEVEL_1.MENU_NAME)                                   LEVEL3_NAME,
				   NVL(MENU_LEVEL_2.SERVICE_NO, MENU_LEVEL_1.SERVICE_NO) SERVICE_NO,
				   MENU_LEVEL_2.SORT_NO
			FROM (SELECT MENU_NO, MENU_NAME, PARENT_MENU_NO, SORT_NO
				  FROM ${DB_OWNER}.MENU
				  WHERE MENU_LEVEL = 0
				  AND SERVICE_NO = #{service_no}
			) MENU_LEVEL_0
			   , (SELECT MENU_NO, MENU_NAME, PARENT_MENU_NO, SORT_NO , SERVICE_NO
				  FROM ${DB_OWNER}.MENU
				  WHERE MENU_LEVEL = 1
				  AND SERVICE_NO = #{service_no}
			) MENU_LEVEL_1
			   , (SELECT MENU_NO, MENU_NAME, PARENT_MENU_NO, SORT_NO  , SERVICE_NO
				  FROM ${DB_OWNER}.MENU
				  WHERE MENU_LEVEL = 2
				  AND SERVICE_NO = #{service_no}
			) MENU_LEVEL_2
			WHERE 1 = 1
			  AND MENU_LEVEL_0.MENU_NO = MENU_LEVEL_1.PARENT_MENU_NO(+)
			  AND MENU_LEVEL_1.MENU_NO = MENU_LEVEL_2.PARENT_MENU_NO(+)
			  AND  NVL(MENU_LEVEL_2.SERVICE_NO, MENU_LEVEL_1.SERVICE_NO) = #{service_no}
			ORDER BY MENU_0_NAME, MENU_LEVEL_0.SORT_NO, MENU_LEVEL_1.SORT_NO,MENU_LEVEL_2.SORT_NO


        ]]>
	</select>

    <select id="selectPermissionMenu" parameterType="ReqPermissionMenuVO" resultType="ResPermissionMenuVO">
		<![CDATA[
                 /* MenuMapper.xml -- selectPermissionMenu 권한에 맞는 메뉴 리스트 리턴  */
			select M.MENU_NO,
				   M.SERVICE_NO,
				   M.PARENT_MENU_NO,
				   M.MENU_URL,
				   M.MENU_NAME,
				   M.USE_YN,
				   M.MENU_LEVEL,
				   (select COUNT('x') from ${DB_OWNER}.MENU MM WHERE M.MENU_NO = MM.PARENT_MENU_NO) SUB_MENU_CNT,
				   '관리자 > ' ||  LTRIM (SYS_CONNECT_BY_PATH (MENU_NAME, ' > '), ' > ') AS depth_fullname,
				   SORT_NO,
				   M.ICON ,
				   M.VIEW_ID
			from ${DB_OWNER}.MENU M , ${DB_OWNER}.MENU_PERMISSION_MAPPING P
			where M.MENU_NO = p.MENU_NO
			 AND   M.SERVICE_NO = P.SERVICE_NO
			 AND   M.USE_YN = 'Y'
			 AND   M.SERVICE_NO = #{service_no}
			 AND   P.PERMISSION_NO = #{permission_no}
			START WITH M.PARENT_MENU_NO = #{permission_no} AND M.SERVICE_NO = #{service_no}
			connect by PRIOR M.MENU_NO = M.PARENT_MENU_NO
			order by M.SORT_NO

        ]]>
	</select>

    <select id="selectPermissionMappingMenuList" parameterType="ReqPermissionMenuVO" resultType="ResPermissionMenuVO">
		<![CDATA[

			   /* MenuMapper.xml -- selectPermissionMappingMenuList */
				select M.MENU_NO,
					   M.SERVICE_NO,
					   M.PARENT_MENU_NO,
					   M.MENU_URL,
					   M.MENU_NAME,
					   M.USE_YN,
					   M.MENU_LEVEL,
					   SORT_NO,
					   M.ICON
				from ${DB_OWNER}.MENU M , ${DB_OWNER}.MENU_PERMISSION_MAPPING P
				where M.MENU_NO = p.MENU_NO
				 AND   M.SERVICE_NO = P.SERVICE_NO
				 AND   M.SERVICE_NO = #{service_no}
				 AND   P.PERMISSION_NO = #{permission_no}
				order by M.SORT_NO

        ]]>
	</select>


    <delete id="deleteAllPermissionMenu" parameterType="ReqMenuPermissionMappingVO">
		 /* MenuMapper.xml -- deleteAllPermissionMenu */
		<![CDATA[
		DELETE FROM ${DB_OWNER}.MENU_PERMISSION_MAPPING
		WHERE SERVICE_NO   = #{service_no}
		AND  PERMISSION_NO = #{permission_no}

        ]]>
    </delete>


    <insert id="insertPermissionMapping" parameterType="ReqMenuPermissionMappingVO">
		 /* MenuMapper.xml -- deleteAllPermissionMenu */
		<![CDATA[
		INSERT INTO  ${DB_OWNER}.MENU_PERMISSION_MAPPING(
			  service_no
			, permission_no
			, menu_no
			, data_regr_id
			, data_reg_dtm
			, data_chgr_id
			, data_chg_dtm
		)VALUES(
			  #{ service_no}
			, #{ permission_no}
			, #{ menu_no}
			, #{ data_regr_id}
			, sysdate
			, #{ data_chgr_id}
			, sysdate
		)


        ]]>
    </insert>



    <select id="selectChildMenuList" parameterType="int" resultType="ReqMenuVO">
		<![CDATA[

			/* MenuMapper.xml -- selectMenuByMenuNoList */
			select
				menu_no,
				service_no,
				parent_menu_no,
				menu_url,
				menu_name,
				use_cd,
				data_regr_id,
				data_reg_dtm,
				data_chgr_id,
				data_chg_dtm
			from
				${DB_OWNER}.menu
			where service_no = #{service_no}
				and parent_menu_no = #{parent_menu_no}


        ]]>
	</select>

    <insert id="insertMenu" parameterType="RspMenuVO">
		<![CDATA[
			/* MenuMapper.xml -- insertMenu */
			insert into ${DB_OWNER}.menu (
				menu_no,
				service_no,
				parent_menu_no,
				menu_url,
				menu_name,
				use_cd,
				data_regr_id,
				data_reg_dtm,
				data_chgr_id,
				data_chg_dtm
			) values (
				#{menu_no},
				#{service_no},
				#{parent_menu_no},
				#{menu_url},
				#{menu_name},
				#{use_cd},
				#{data_regr_id},
				sysdate,
				#{data_chgr_id},
				sysdate
			)


        ]]>
	</insert>

    <update id="updateMenu" parameterType="RspMenuVO">
		update ${DB_OWNER}.menu
		set 
			menu_url = #{menu_url},
			menu_name = #{menu_name},
			use_cd = #{user_cd},
			data_chgr_id = #{data_chgr_id}
			data_chg_dtm = sysdate
		where service_no = #{service_no}
			and menu_no = #{menu_no}
	</update>

	<select id="selectMenuViewIdByMenuUrl" parameterType="RspMenuVO" resultType="string">
		SELECT VIEW_ID
		FROM ${DB_OWNER}.MENU
		WHERE SERVICE_NO = #{service_no}
			AND USE_YN = 'Y'
			AND MENU_URL = #{menu_url}
	</select>


	<select id="selectMenuByNo" parameterType="ReqPermissionMenuVO" resultType="ReqPermissionMenuVO">
		SELECT PARENT_MENU_NO , MENU_NO , SERVICE_NO ,MENU_LEVEL
		FROM MENU
		WHERE SERVICE_NO = #{service_no}
		AND   MENU_NO = #{menu_no}
	</select>


	<select id="selectMenuPermissionByUserNoMenuUrl" parameterType="ReqPermissionMenuVO" resultType="ReqPermissionMenuVO">
		<![CDATA[
		select P.SERVICE_NO, P.MENU_NO , M.MENU_URL from MENU_PERMISSION_MAPPING P , MENU M , USER_M USR
		WHERE P.SERVICE_NO = M.SERVICE_NO
		  AND   P.MENU_NO = M.MENU_NO
		  AND   P.SERVICE_NO = USR.SERVICE_NO
		  AND   P.PERMISSION_NO = USR.PERMISSION_NO
		  AND   P.SERVICE_NO = #{service_no}
		  AND   USR.USER_NO = #{user_no}
		  AND   M.MENU_URL like #{menu_url}||'%'


		]]>
	</select>

</mapper>