<?xml version="1.0" encoding="UTF-8"?>
<!DOCTYPE mapper PUBLIC "-//mybatis.org//DTD Mapper 3.0//EN" "http://mybatis.org/dtd/mybatis-3-mapper.dtd">
<mapper namespace="emnet.chat.admin.mapper.mst.admin.system.PermissionMapper">


    <select id="selectPermissionList" parameterType="ReqPermissionVO" resultType="ReqPermissionVO">
    <![CDATA[

                /*PermissionMapper.xml -- selectPermissionList */
                SELECT A.*
                      , ROWNUM as id
                FROM
                (
                SELECT
                      permission_no
                    , service_no
                    , data_regr_id
                    , data_reg_dtm
                    , data_chgr_id
                    , data_chg_dtm
                    , permission_name
                FROM
                    ${DB_OWNER}.PERMISSION
                WHERE   1 = 1

                 AND service_no      = #{ service_no       }
                 ) A
                 WHERE ROWNUM <= 1000


        ]]>
    </select>


    <insert id="insertPermission" parameterType="ReqPermissionVO">
    <![CDATA[

                /*PermissionMapper.xml -- insertPermission */
                INSERT INTO ${DB_OWNER}.PERMISSION
             (
                   permission_no
                  ,service_no
                  ,permission_name
                  ,data_regr_id
                  ,data_reg_dtm
                  ,data_chgr_id
                  ,data_chg_dtm

            )
            VALUES
             (
                   (        select
                                NVL(MAX(permission_no),0) +1
                            from ${DB_OWNER}.PERMISSION
                            )
                  , #{ service_no      }
                  , #{ permission_name }
                  , #{ data_regr_id    }
                  , sysdate
                  , #{ data_chgr_id    }
                  , sysdate

            )
        ]]>
    </insert>


    <update id="updatePermission" parameterType="ReqPermissionVO">
    <![CDATA[

                /*PermissionMapper.xml -- updatePermission */
                UPDATE ${DB_OWNER}.PERMISSION
                SET
                   permission_name =  #{ permission_name }
                 , data_chgr_id    =  #{ data_chgr_id    }
                 , data_chg_dtm    =  sysdate

                WHERE 1 = 1
                AND permission_no   = #{ permission_no   }
                AND service_no      = #{ service_no      }

        ]]>
    </update>


    <delete id="deletePermission" parameterType="ReqPermissionVO">
    <![CDATA[

                /*PermissionMapper.xml -- deletePermission */
                DELETE FROM ${DB_OWNER}.PERMISSION
                WHERE 1 = 1
                AND permission_no   = #{ permission_no   }
                AND service_no      = #{ service_no      }


        ]]>
    </delete>


</mapper>