<?xml version="1.0" encoding="UTF-8"?>
<!DOCTYPE mapper PUBLIC "-//mybatis.org//DTD Mapper 3.0//EN" "http://mybatis.org/dtd/mybatis-3-mapper.dtd">
<mapper namespace="emnet.chat.admin.mapper.mst.admin.slang.SlangMapper">


    <select id="selectSlangList" parameterType="ReqSlangVO" resultType="ReqSlangVO">
        <![CDATA[
            /*SlangMapper.xml -- selectSlangList */
            SELECT
                  slang_no
                , service_no
                , content
            FROM
                  ${DB_OWNER}.SLANG
            WHERE   1 = 1

        ]]>

        <if test="!@emnet.chat.admin.common.utils.StringUtils@isEmpty(service_no)">
            <![CDATA[
		 		  AND   service_no      = #{ service_no       }
			]]>
        </if>

        <if test="!@emnet.chat.admin.common.utils.StringUtils@isEmpty(slang_no)">
            <![CDATA[
		 		  AND   slang_no      = #{ slang_no       }
			]]>
        </if>

        <if test="!@emnet.chat.admin.common.utils.StringUtils@isEmpty(content)">
            <![CDATA[
		 		  AND   content      = #{ content       }
			]]>
        </if>

    </select>


    <insert id="insertSlang" parameterType="ReqSlangVO">
    <![CDATA[

                /*SlangMapper.xml -- insertSlang */
                INSERT INTO ${DB_OWNER}.SLANG
             (
                  slang_no
                  ,service_no
                  ,content
                  ,data_regr_id
                  ,data_reg_dtm
                  ,data_chgr_id
                  ,data_chg_dtm
            )
            VALUES
             (
                    (select
                        NVL(MAX(slang_no),0) +1
                    from ${DB_OWNER}.SLANG
                    )
                  , #{ service_no      }
                  , #{ content         }
                  , #{ data_regr_id    }
                  , sysdate
                  , #{ data_chgr_id    }
                  , sysdate
            )
            ]]>
    </insert>


    <update id="updateSlang" parameterType="ReqSlangVO">
    <![CDATA[

            /*SlangMapper.xml -- updateSlang */
            UPDATE ${DB_OWNER}.SLANG
            SET
               content         =  #{ content         }
             , data_chgr_id    =  #{ data_chgr_id    }
             , data_chg_dtm    =  sysdate
            WHERE 1 = 1
            AND slang_no        = #{ slang_no        }


            ]]>
    </update>


        <delete id="deleteSlang" parameterType="ReqSlangVO">
    <![CDATA[

            /*SlangMapper.xml -- deleteSlang */
            DELETE FROM ${DB_OWNER}.SLANG
            WHERE 1 = 1
            AND slang_no        = #{ slang_no        }


            ]]>
    </delete>


</mapper>