<?xml version="1.0" encoding="UTF-8"?>
<!DOCTYPE mapper PUBLIC "-//mybatis.org//DTD Mapper 3.0//EN" "http://mybatis.org/dtd/mybatis-3-mapper.dtd">
<mapper namespace="emnet.chat.admin.mapper.mst.admin.keyword.KeywordCategoryMapper">


    <select id="selectKeywordCategoryList" parameterType="ReqKeywordCategoryVO" resultType="ReqKeywordCategoryVO">
        <![CDATA[
            /*KeywordCategoryMapper.xml -- selectKeywordCategoryList */
            SELECT
                 ROWNUM as id
                , service_no
                , keyword_category_no
                , name
            FROM
                ${DB_OWNER}.KEYWORD_CATEGORY
            WHERE   1 = 1

        ]]>

        <if test="!@emnet.chat.admin.common.utils.StringUtils@isEmpty(service_no)">
            <![CDATA[
		 		  AND   service_no      = #{ service_no       }
			]]>
        </if>

        <if test="!@emnet.chat.admin.common.utils.StringUtils@isEmpty(keyword_category_no)">
            <![CDATA[
		 		  AND   keyword_category_no      = #{ keyword_category_no       }
			]]>
        </if>
    </select>


    <insert id="insertKeywordCategory" parameterType="ReqKeywordCategoryVO" >
    <![CDATA[
        /*KeywordCategoryMapper.xml -- insertKeywordCategory */
        INSERT INTO ${DB_OWNER}.KEYWORD_CATEGORY
     (
          service_no
          ,keyword_category_no
          ,name
          ,data_regr_id
          ,data_reg_dtm
          ,data_chgr_id
          ,data_chg_dtm
    )
    VALUES
     (
            #{ service_no      }
          , (
                    select
                        NVL(MAX(keyword_category_no),0) +1
                    from  ${DB_OWNER}.KEYWORD_CATEGORY
            )
          , #{ name            }
          , #{ data_regr_id    }
          , sysdate
          , #{ data_chgr_id    }
          , sysdate
    )]]>
    </insert>


    <update id="updateKeywordCategory" parameterType="ReqKeywordCategoryVO" >
    <![CDATA[
        /*KeywordCategoryMapper.xml -- updateKeywordCategory */
        UPDATE ${DB_OWNER}.KEYWORD_CATEGORY
        SET
           service_no      =  #{ service_no      }
         , keyword_category_no =  #{ keyword_category_no }
         , name            =  #{ name            }
         , data_chgr_id    =  #{ data_chgr_id    }
         , data_chg_dtm    =  sysdate
        WHERE 1 = 1
        AND service_no      = #{ service_no      }
        AND keyword_category_no = #{ keyword_category_no }

    ]]>
    </update>


    <delete id="deleteKeywordCategory" parameterType="ReqKeywordCategoryVO" >
    <![CDATA[
        /*KeywordCategoryMapper.xml -- deleteKeywordCategory */
        DELETE FROM ${DB_OWNER}.KEYWORD_CATEGORY
        WHERE 1 = 1
        AND service_no      = #{ service_no      }
        AND keyword_category_no = #{ keyword_category_no }

    ]]>
    </delete>


</mapper>