<?xml version="1.0" encoding="UTF-8"?>
<!DOCTYPE mapper PUBLIC "-//mybatis.org//DTD Mapper 3.0//EN" "http://mybatis.org/dtd/mybatis-3-mapper.dtd">
<mapper namespace="emnet.chat.admin.mapper.mst.admin.keyword.KeywordTagMapper">



    <select id="selectKeywordTagList" parameterType="ReqKeywordTagVO" resultType="ReqKeywordTagVO">
    <![CDATA[
        /*KeywordTagMapper.xml -- selectKeywordTagList */
        SELECT
              keyword_tag_no
            , service_no
            , keyword_no
            , content
            , data_regr_id
            , data_reg_dtm
            , data_chgr_id
            , data_chg_dtm
        FROM
            ${DB_OWNER}.KEYWORD_TAG
        WHERE   1 = 1
    ]]>
        <if test="!@emnet.chat.admin.common.utils.StringUtils@isEmpty(service_no)">
            <![CDATA[
		 		  AND   service_no      = #{ service_no       }
			]]>
        </if>

        <if test="!@emnet.chat.admin.common.utils.StringUtils@isEmpty(keyword_no)">
            <![CDATA[
		 		  AND   keyword_no      = #{ keyword_no       }
			]]>
        </if>
    </select>


    <insert id="insertKeywordTag" parameterType="ReqKeywordTagVO" >
    <![CDATA[
        /*KeywordTagMapper.xml -- insertKeywordTag */
        INSERT INTO ${DB_OWNER}.KEYWORD_TAG
        (
                keyword_tag_no
              , service_no
              , keyword_no
              , content
              , data_regr_id
              , data_reg_dtm
              , data_chgr_id
              , data_chg_dtm
        )
        VALUES
         (
               (
                 SELECT
                        NVL(MAX(keyword_tag_no),0) +1
                 FROM  ${DB_OWNER}.KEYWORD_TAG
               )
              , #{ service_no      }
              , #{ keyword_no      }
              , #{ content         }
              , #{ data_regr_id    }
              , sysdate
              , #{ data_chgr_id    }
              , sysdate
        )
    ]]>
    </insert>


    <update id="updateKeywordTag" parameterType="ReqKeywordTagVO" >
    <![CDATA[
        /*KeywordTagMapper.xml -- updateKeywordTag */
        UPDATE ${DB_OWNER}.KEYWORD_TAG
        SET
           content         =  #{ content         }
         , data_chgr_id    =  #{ data_chgr_id    }
         , data_chg_dtm    =  sysdate
        WHERE 1 = 1
        AND keyword_tag_no  = #{ keyword_tag_no  }
    ]]>
    </update>


    <delete id="deleteKeywordTag" parameterType="ReqKeywordTagVO" >
        <![CDATA[
            /*KeywordTagMapper.xml -- deleteKeywordTag */
            DELETE FROM ${DB_OWNER}.KEYWORD_TAG
            WHERE 1 = 1
            AND keyword_tag_no  = #{ keyword_tag_no  }

        ]]>
    </delete>


    <delete id="deleteAll" parameterType="ReqKeywordTagVO" >
        <![CDATA[
            /*KeywordTagMapper.xml -- deleteKeywordTag */
            DELETE FROM ${DB_OWNER}.KEYWORD_TAG
            WHERE 1 = 1
            AND service_no  = #{ service_no  }
            AND keyword_no  = #{ keyword_no  }

        ]]>
    </delete>



</mapper>