<?xml version="1.0" encoding="UTF-8"?>
<!DOCTYPE mapper PUBLIC "-//mybatis.org//DTD Mapper 3.0//EN" "http://mybatis.org/dtd/mybatis-3-mapper.dtd">
<mapper namespace="emnet.chat.admin.mapper.mst.admin.keyword.KeywordMapper">

    <select id="selectKeywordList" parameterType="ReqKeywordVO" resultType="ResKeywordVO">
    <![CDATA[
        /*KeywordMapper.xml -- selectKeywordList */
        SELECT
                A.*
                , ROWNUM as id
        FROM (
            SELECT K.keyword_no
             , K.service_no
             , K.keyword_category_no
             , C.NAME       category_name
             , K.user_no
             , U.NAME user_name
             , K.keyword_type
             , (  SELECT
                         LISTAGG( T.CONTENT, ' ,') WITHIN GROUP (ORDER BY  T.KEYWORD_TAG_NO) AS skill_name
                     FROM ${DB_OWNER}.KEYWORD_TAG T
                     WHERE 1 = 1
                       AND T.SERVICE_NO = K.SERVICE_NO
                       AND T.KEYWORD_NO = K.KEYWORD_NO

                ) as keyword_tag_list
             , K.question
             , K.answer
             , K.list_order
             , K.btn_name
             , K.btn_url
             , K.DATA_REGR_ID
             , TO_CHAR(K.DATA_REG_DTM, 'yyyy-MM-dd HH:Mi:ss') REG_DATE
        FROM ${DB_OWNER}.KEYWORD K,
             ${DB_OWNER}.KEYWORD_CATEGORY C,
             ${DB_OWNER}.USER_M U
        WHERE K.KEYWORD_CATEGORY_NO = C.KEYWORD_CATEGORY_NO
          AND K.SERVICE_NO = C.SERVICE_NO
          AND K.USER_NO = U.USER_NO

    ]]>
        <if test="!@emnet.chat.admin.common.utils.StringUtils@isEmpty(service_no)">
            <![CDATA[
		 		  AND   K.service_no      = #{ service_no       }
			]]>
        </if>

        <if test="!@emnet.chat.admin.common.utils.StringUtils@isEmpty(user_no)">
            <![CDATA[
		 		  AND   K.user_no      = #{ user_no       }
			]]>
        </if>
        <if test="!@emnet.chat.admin.common.utils.StringUtils@isEmpty(keyword_category_no)">
            <![CDATA[
		 		  AND   K.keyword_category_no      = #{ keyword_category_no       }
			]]>
        </if>
        <if test="!@emnet.chat.admin.common.utils.StringUtils@isEmpty(keyword_no)">
            <![CDATA[
		 		  AND   K.keyword_no      = #{ keyword_no       }
			]]>
        </if>
        <if test="!@emnet.chat.admin.common.utils.StringUtils@isEmpty(keyword_tag_name)">
            <![CDATA[
		 		 AND EXISTS (
		 		             select 'x'
		 		             from ${DB_OWNER}.KEYWORD_TAG T
                             WHERE K.KEYWORD_NO = T.KEYWORD_NO
                             AND   K.SERVICE_NO = T.SERVICE_NO
                             AND   T.CONTENT like '%'||#{keyword_tag_name}||'%')
			]]>
        </if>



			ORDER BY K.keyword_no
		) A
    </select>


    <insert id="insertKeyword" parameterType="ReqKeywordVO" >
        <selectKey keyProperty="keyword_no" resultType="string" order="BEFORE">
            <![CDATA[
				 select
                        NVL(MAX(keyword_no),0) +1
                    from ${DB_OWNER}.KEYWORD
			]]>
        </selectKey>
    <![CDATA[
        /*KeywordMapper.xml -- insertKeyword */
        INSERT INTO ${DB_OWNER}.KEYWORD
         (
                keyword_no
              , service_no
              , keyword_category_no
              , user_no
              , keyword_type
              , question
              , answer
              , list_order
              , btn_name
              , btn_url
              , data_regr_id
              , data_reg_dtm
              , data_chgr_id
              , data_chg_dtm
        )
        VALUES
         (
                #{ keyword_no      }
              , #{ service_no      }
              , #{ keyword_category_no }
              , #{ user_no         }
              , #{ keyword_type    }
              , #{ question        }
              , #{ answer          }
              , #{ list_order      }
              , #{ btn_name        }
              , #{ btn_url         }
              , #{ data_regr_id    }
              , sysdate
              , #{ data_chgr_id    }
              , sysdate
        )
    ]]>
    </insert>


    <update id="updateKeyword" parameterType="ReqKeywordVO" >
    <![CDATA[
        /*KeywordMapper.xml -- updateKeyword */
        UPDATE ${DB_OWNER}.KEYWORD
        SET
           keyword_no      =  #{ keyword_no      }
         , service_no      =  #{ service_no      }
         , keyword_category_no =  #{ keyword_category_no }
         , user_no         =  #{ user_no         }
         , keyword_type    =  #{ keyword_type    }
         , question        =  #{ question        }
         , answer          =  #{ answer          }
         , list_order      =  #{ list_order      }
         , btn_name        =  #{ btn_name        }
         , btn_url         =  #{ btn_url         }

         , data_chgr_id    =  #{ data_chgr_id    }
         , data_chg_dtm    =  sysdate
        WHERE 1 = 1
        AND keyword_no      = #{ keyword_no      }

    ]]>
    </update>


    <delete id="deleteKeyword" parameterType="ReqKeywordVO" >
    <![CDATA[
        /*KeywordMapper.xml -- deleteKeyword */
        DELETE FROM ${DB_OWNER}.KEYWORD
        WHERE 1 = 1
        AND keyword_no      = #{ keyword_no      }

    ]]>
    </delete>



</mapper>