<?xml version="1.0" encoding="UTF-8"?>
<!DOCTYPE mapper PUBLIC "-//mybatis.org//DTD Mapper 3.0//EN" "http://mybatis.org/dtd/mybatis-3-mapper.dtd">
<mapper namespace="emnet.chat.admin.mapper.mst.consult.ConsultChatMapper">
    <select id="selectConsultList" parameterType="ReqGetConsultVO" resultType="ResGetConsultVO">
        SELECT ROWNUM RNUM
                ,STATE_CD
                ,STATE
                ,SKILL_NAME
                ,CUSTOMER_NAME
                ,CUSTOMER_ID
                ,INCOME
                ,CHAT_START_TIME
                ,NVL2(WAIT_SECOND,ROUND(WAIT_SECOND/(60*60))||':'||
                    LPAD(ROUND(MOD((WAIT_SECOND/60),60)),2,0)||':'||
                    LPAD(ROUND(MOD(WAIT_SECOND,60)),2,0),'0:00:00' ) AS WAIT_TIME
                ,CONSULT_NO
        FROM (
            SELECT CON.CONSULT_STATUS STATE_CD
                    ,STS_TP.COM_CD_NM STATE
                    ,SKILL.SKILL_NAME
                    ,CT.NAME CUSTOMER_NAME
                    ,CT.USER_ID CUSTOMER_ID
                    ,IC_TP.COM_CD_NM INCOME
                    ,TO_CHAR(CON.CHAT_START_TIME,'HH24:MI:SS') CHAT_START_TIME
                    ,ROUND((CON.DISTRIBUTE_TIME - CON.DATA_REG_DTM)*24*60*60) WAIT_SECOND
                    ,CON.CONSULT_NO
            FROM ${DB_OWNER}.CONSULT CON,
                (SELECT *
                FROM ${DB_OWNER}.COM_CD_DTL ST1
                WHERE ST1.COM_GROUP_CD = 'CONSULT_STATUS'
                )STS_TP,
                (SELECT *
                FROM ${DB_OWNER}.COM_CD_DTL ST1
                WHERE ST1.COM_GROUP_CD = 'CONSULT_INCOME_TYPE'
                )IC_TP,
                ${DB_OWNER}.CONSULT_CATEGORY_SKILL SKILL,
                ${DB_OWNER}.CUSTOMER CT
            WHERE CON.CONSULT_STATUS = STS_TP.COM_CD
                AND CON.INCOME_TYPE = IC_TP.COM_CD
                AND CON.SERVICE_NO = SKILL.SERVICE_NO
                AND CON.SKILL_NO = SKILL.SKILL_NO
                AND CON.SERVICE_NO = CT.SERVICE_NO
                AND CON.CUSTOMER_NO = CT.CUSTOMER_NO
                AND CON.DATA_REG_DTM >= TO_DATE(TO_CHAR(SYSDATE,'YYYY-MM-DD'),'YYYY-MM-DD')
                AND CON.SERVICE_NO = #{service_no}
                AND CON.USER_NO = #{user_no}
        <if test="!@emnet.chat.admin.common.utils.StringUtils@isEmpty(consult_status)">
		 	    AND CON.consult_status = #{consult_status}
        </if>
        <if test="!@emnet.chat.admin.common.utils.StringUtils@isEmpty(user_name)">
                AND CT.NAME LIKE '%'|| #{user_name} || '%'
        </if>
        <if test="!@emnet.chat.admin.common.utils.StringUtils@isEmpty(user_id)">
                AND CT.USER_ID LIKE '%'|| #{user_id} || '%'
        </if>
        <if test="!@emnet.chat.admin.common.utils.StringUtils@isEmpty(consult_no)">
                AND CON.CONSULT_NO LIKE '%'|| #{consult_no} || '%'
        </if>
            ORDER BY CON.DATA_REG_DTM DESC
                )TB

    </select>

    <select id="selectKeywordList" parameterType="ReqGetKeywordVO" resultType="ResGetKeywordVO" >
        <![CDATA[
            SELECT ROWNUM RNUM,
                    ST.*
            FROM (
                SELECT SERVICE_NO,
                        KEYWORD_NO,
                        CATEGORY_NAME,
                        ANSWER,
                        QUESTION,
                        KEYWORD
                FROM(
                    SELECT KW.SERVICE_NO,
                            KW.KEYWORD_NO,
                            KWC.NAME CATEGORY_NAME,
                            NVL2(KW.BTN_URL,
                                KW.ANSWER || ' <a href="http://'|| KW.BTN_URL ||'">'|| KW.BTN_NAME ||'<a>',
                                KW.ANSWER) ANSWER,
                            KW.LIST_ORDER,
                            KW.QUESTION,
                            KTG.CONTENT KEYWORD
                    FROM ${DB_OWNER}.KEYWORD KW,
                        ${DB_OWNER}.KEYWORD_CATEGORY KWC,
                        ${DB_OWNER}.KEYWORD_TAG KTG
                    WHERE KW.SERVICE_NO = KWC.SERVICE_NO
                        AND KW.KEYWORD_CATEGORY_NO = KWC.KEYWORD_CATEGORY_NO
                        AND KW.SERVICE_NO = KTG.SERVICE_NO
                        AND KW.KEYWORD_NO = KTG.KEYWORD_NO
                        AND KW.SERVICE_NO = #{service_no}
                        AND KW.KEYWORD_TYPE = 'PUBLIC'
        ]]>
                    <if test="!@emnet.chat.admin.common.utils.StringUtils@isEmpty(keyword)">
                        AND KTG.CONTENT = #{keyword}
                    </if>

                    <if test="keyword_category_no != 0">
                        AND KWC.keyword_category_no = #{keyword_category_no}
                    </if>
                    UNION
        <![CDATA[
                    SELECT KW.SERVICE_NO,
                            KW.KEYWORD_NO,
                            KWC.NAME CATEGORY_NAME,
                            NVL2(KW.BTN_URL,
                                KW.ANSWER || ' <a href="http://'|| KW.BTN_URL ||'">'|| KW.BTN_NAME ||'<a>',
                                KW.ANSWER) ANSWER,
                            KW.LIST_ORDER,
                            KW.QUESTION,
                            KTG.CONTENT KEYWORD
                    FROM ${DB_OWNER}.KEYWORD KW,
                        ${DB_OWNER}.KEYWORD_CATEGORY KWC,
                        ${DB_OWNER}.KEYWORD_TAG KTG
                    WHERE KW.SERVICE_NO = KWC.SERVICE_NO
                        AND KW.KEYWORD_CATEGORY_NO = KWC.KEYWORD_CATEGORY_NO
                        AND KW.SERVICE_NO = KTG.SERVICE_NO
                        AND KW.KEYWORD_NO = KTG.KEYWORD_NO
                        AND KW.SERVICE_NO = #{service_no}
                        AND KW.KEYWORD_TYPE = 'PRIVATE'
                        AND KW.USER_NO = #{user_no}
        ]]>
                    <if test="!@emnet.chat.admin.common.utils.StringUtils@isEmpty(keyword)">
                        AND KTG.CONTENT = #{keyword}
                    </if>
                    <if test="keyword_category_no != 0">
                        AND KWC.keyword_category_no = #{keyword_category_no}
                    </if>
                )
                ORDER BY CATEGORY_NAME,
                LIST_ORDER
            )ST
    </select>

    <select id="selectChatContentList" parameterType="ReqGetChatContentVO" resultType="ResGetChatContentVO">
        SELECT CTM.CHAT_TYPE TYPE,
                CTM.NAME,
                CTM.CONTENT,
                CTM.USER_TYPE,
                CTM.CONSULT_NO,
                TO_CHAR(CTM.DATA_REG_DTM,'YYYY-MM-DD HH24:MI:SS') CREATE_TIME
        FROM ${DB_OWNER}.CONSULT_MESSAGE CTM,
             ${DB_OWNER}.CONSULT CON
        WHERE CON.SERVICE_NO = CTM.SERVICE_NO
            AND CON.CONSULT_NO = CTM.CONSULT_NO
            AND CON.SERVICE_NO = #{service_no}
            AND CON.CONSULT_NO= #{consult_no}
        ORDER BY CREATE_TIME
    </select>

   <select id="selectHotKeyList" parameterType="MacroVO" resultType="MacroVO">
        SELECT
            MACRO_NO,
            SERVICE_NO,
            USER_NO,
            MACRO_KEY,
            MACRO_CONTENT
        FROM ${DB_OWNER}.USER_MACRO
        WHERE SERVICE_NO=#{service_no}
            AND USER_NO = #{user_no}
        ORDER BY MACRO_KEY ASC
   </select>

    <select id="selectCustomerHisList" parameterType="ReqGetCustomerHisVO" resultType="ResGetCustomerHisVO">
        SELECT ROWNUM RNUM
                ,ST.*
        FROM(SELECT CON.SERVICE_NO
                ,CON.CONSULT_NO
                ,TO_CHAR(CON.DATA_REG_DTM,'YYYY-MM-DD') CONSULT_DT
                ,TO_CHAR(CON.DISTRIBUTE_TIME,'YYYY-MM-DD') START_DT
                ,TO_CHAR(CON.END_TIME,'YYYY-MM-DD') END_DT
                ,IC_TP.COM_CD_NM INCOME
                ,AT_TP.COM_CD_NM AUTH
                ,SKILL.SKILL_NAME
                ,USR.NAME USER_NAME
            FROM ${DB_OWNER}.CONSULT CON,
                (SELECT *
                FROM ${DB_OWNER}.COM_CD_DTL ST1
                WHERE ST1.COM_GROUP_CD = 'CONSULT_INCOME_TYPE'
                )IC_TP,
                (SELECT *
                FROM ${DB_OWNER}.COM_CD_DTL ST1
                WHERE ST1.COM_GROUP_CD = 'CONSULT_AUTH_CD'
                )AT_TP
                ,${DB_OWNER}.CONSULT_CATEGORY_SKILL SKILL
                ,${DB_OWNER}.USER_M USR
            WHERE CON.INCOME_TYPE = IC_TP.COM_CD
                AND CON.AUTH_CD = AT_TP.COM_CD
                AND CON.SERVICE_NO = SKILL.SERVICE_NO
                AND CON.SKILL_NO = SKILL.SKILL_NO
                AND CON.SERVICE_NO = USR.SERVICE_NO
                AND CON.USER_NO = USR.USER_NO
                AND CON.SERVICE_NO = #{service_no}
                AND CON.CUSTOMER_NO = #{customer_no}
            ORDER BY CON.DATA_REG_DTM DESC
            )ST
    </select>

    <select id="selectAllKeywordCategoryList" resultType="KeywordCategoryVO" >
        SELECT SERVICE_NO,
            KEYWORD_CATEGORY_NO,
            NAME,
            DATA_REGR_ID,
            DATA_REG_DTM,
            DATA_CHGR_ID,
            DATA_CHG_DTM
        FROM ${DB_OWNER}.KEYWORD_CATEGORY
    </select>

    <select id="selectComCodeByCateCd" resultType="ComCodeVO" parameterType="string">
        SELECT COM_CD,
            COM_CD_NM
        FROM ${DB_OWNER}.COM_CD_DTL
        WHERE COM_GROUP_CD = #{com_group_cd}
            AND USE_YN = 'Y'
        ORDER BY SORT_NO
    </select>

    <select id="selectComCode" resultType="ComCodeVO" parameterType="ComCodeVO">
        SELECT COM_CD,
            COM_CD_NM
        FROM ${DB_OWNER}.COM_CD_DTL
        WHERE COM_GROUP_CD = #{com_group_cd}
            AND COM_CD = #{com_cd}
            AND USE_YN = 'Y'
        ORDER BY SORT_NO
    </select>

    <select id="selectConsultStateCount" resultType="ResGetConsultStateCountVO" parameterType="ReqGetConsultStateCountVO">
        SELECT COUNT(CASE WHEN CON.CONSULT_STATUS = 'NEW'  THEN 1 END ) WAIT_CNT,
                COUNT(CASE WHEN CON.CONSULT_STATUS IN ('READY','BUSY')  THEN 1 END ) BUSY_CNT,
                COUNT(CASE WHEN CON.CONSULT_STATUS = 'END' THEN 1 END ) END_CNT
        FROM  ${DB_OWNER}.CONSULT CON,
                (SELECT SKILL.SKILL_NO,SKILL.SERVICE_NO
                FROM ${DB_OWNER}.USER_M USR,
                     ${DB_OWNER}.USER_CONSULT_CATEGORY CATE_SKILL_MAPP,
                     ${DB_OWNER}.CONSULT_CATEGORY CATE_SKILL,
                     ${DB_OWNER}.CONSULT_CATEGORY_SKILL SKILL
                WHERE USR.SERVICE_NO = CATE_SKILL_MAPP.SERVICE_NO
                    AND USR.USER_NO = CATE_SKILL_MAPP.USER_NO
                    AND CATE_SKILL_MAPP.SERVICE_NO = CATE_SKILL.SERVICE_NO
                    AND CATE_SKILL_MAPP.CONSULT_CATEGORY_NO = CATE_SKILL.CONSULT_CATEGORY_NO
                    AND CATE_SKILL.SERVICE_NO = SKILL.SERVICE_NO
                    AND USR.USER_NO = #{user_no}
                    AND USR.SERVICE_NO = #{service_no}
                GROUP BY SKILL.SKILL_NO
                    ,SKILL.SERVICE_NO)ST1
        WHERE CON.SERVICE_NO = ST1.SERVICE_NO
            AND CON.SKILL_NO = ST1.SKILL_NO
            AND CON.DATA_REG_DTM >= TO_DATE(TO_CHAR(SYSDATE,'YYYY-MM-DD'),'YYYY-MM-DD')
    </select>

    <select id="selectResetChatRoomList" resultType="ResGetResetChatRoomVO" parameterType="ReqGetResetChatRoomVO">
        SELECT AT_TP.COM_CD_NM AUTH_NM
                ,CT.NAME CUSTOMER_NAME
                ,CT.USER_ID CUSTOMER_ID
                ,IC_TP.COM_CD_NM INCOME_TYPE_NM
                ,CON.CONSULT_NO ROOM_NO
                ,CON.CUSTOMER_NO
                ,NVL2(CON.CHAT_START_TIME,'Y','N') CONSULT_START_YN
        FROM ${DB_OWNER}.CONSULT CON,
            (SELECT *
            FROM ${DB_OWNER}.COM_CD_DTL ST1
            WHERE ST1.COM_GROUP_CD = 'CONSULT_AUTH_CD'
            )AT_TP,
            (SELECT *
            FROM ${DB_OWNER}.COM_CD_DTL ST1
            WHERE ST1.COM_GROUP_CD = 'CONSULT_INCOME_TYPE'
            )IC_TP,
            ${DB_OWNER}.CUSTOMER CT
        WHERE CON.AUTH_CD = AT_TP.COM_CD
            AND CON.INCOME_TYPE = IC_TP.COM_CD
            AND CON.SERVICE_NO = CT.SERVICE_NO
            AND CON.CUSTOMER_NO = CT.CUSTOMER_NO
            AND CON.DATA_REG_DTM >= TO_DATE(TO_CHAR(SYSDATE,'YYYY-MM-DD'),'YYYY-MM-DD')
            AND CON.SERVICE_NO = #{service_no}
            AND CON.USER_NO = #{user_no}
            AND CON.CONSULT_STATUS IN ('READY','BUSY')
            AND CON.REQ_TYPE IN ('READY','REVIEW')
        ORDER BY CON.DATA_REG_DTM DESC
    </select>

    <select id="selectCounselorInfo" parameterType="ReqGetPopupInitDataVO" resultType="ResGetPopupInitDataVO">
        SELECT DP.DEPARTMENT_NAME,
                DEPARTMENT_CD,
                DP.CENTER_NAME,
                DP.CENTER_CD,
                DP.TEAM_NAME,
                DP.TEAM_CD,
                USR.NAME COUNSELOR_NAME
        FROM (
            SELECT DP.DEPARTMENT_NAME DEPARTMENT_NAME,
                    DP.DEPARTMENT_NO DEPARTMENT_CD,
                    CT.DEPARTMENT_NAME CENTER_NAME,
                    CT.DEPARTMENT_NO CENTER_CD,
                    TEAM.DEPARTMENT_NAME TEAM_NAME,
                    TEAM.DEPARTMENT_NO TEAM_CD,
                    TEAM.DEPARTMENT_NO
            FROM (SELECT *
                    FROM ${DB_OWNER}.DEPARTMENT
                    WHERE USE_YN = 'Y') DP,
                (SELECT *
                    FROM ${DB_OWNER}.DEPARTMENT
                    WHERE USE_YN = 'Y') CT,
                (SELECT *
                    FROM ${DB_OWNER}.DEPARTMENT
                    WHERE USE_YN = 'Y') TEAM
            WHERE DP.DEPARTMENT_NO = CT.DEPARTMENT_NO_REF
                AND CT.DEPARTMENT_NO = TEAM.DEPARTMENT_NO_REF) DP,
                USER_M USR
        WHERE USR.DEPARTMENT_NO = DP.DEPARTMENT_NO(+)
            AND USR.SERVICE_NO = #{service_no}
            AND USR.USER_NO = #{user_no}
    </select>

    <select id="selectCategorySkillComboList" resultType="ComComboVO">
        SELECT CONSULT_CATEGORY_NO VALUE,
                TITLE TEXT
        FROM ${DB_OWNER}.CONSULT_CATEGORY CATE_SKILL
        WHERE USE_YN = 'Y'
            AND SERVICE_NO = #{service_no}
        ORDER BY ORDER_NO
    </select>

    <select id="selectSkillMappedUserList" resultType="ComComboVO" parameterType="ReqGetSkillMappedUserVO">
        SELECT DISTINCT USR.USER_NO VALUE,
                USR.NAME TEXT
        FROM ${DB_OWNER}.USER_M USR,
             ${DB_OWNER}.USER_CONSULT_CATEGORY USMAPP
        WHERE USR.SERVICE_NO = USMAPP.SERVICE_NO
            AND USR.USER_NO = USMAPP.USER_NO
            AND USR.SERVICE_NO = #{service_no}
            AND USR.DEPARTMENT_NO = #{department_no}
            AND USMAPP.CONSULT_CATEGORY_NO = #{consult_category_no}
        ORDER BY USR.NAME
    </select>

    <update id="updateChangeReq" parameterType="ReqModifyChangeReqVO">
        UPDATE ${DB_OWNER}.CONSULT
        SET REQ_TYPE = #{req_type}
            ,REQ_REASON = #{req_reason}
            ,REQ_USER_NO = #{req_user_no}
            ,DATA_CHG_DTM = sysdate
            ,DATA_CHGR_ID = #{user_id}
        <if test="req_consult_category_no != 0">
            ,REQ_CONSULT_CATEGORY_NO = #{req_consult_category_no}
        </if>
        WHERE SERVICE_NO = #{service_no}
            AND CONSULT_NO = #{consult_no}
    </update>

    <select id="selectDepartmentComboList" resultType="ComComboVO" parameterType="ReqGetDepartmentComboVO">
        select DEPARTMENT_NAME TEXT,
                DEPARTMENT_NO VALUE
        from ${DB_OWNER}.DEPARTMENT
        where DEPARTMENT_NO_REF = #{department_no}
            AND USE_YN = 'Y'
    </select>

    <select id="selectUserComboList" resultType="ComComboVO" parameterType="ReqGetUserComboVO">
        SELECT DISTINCT USR.USER_NO VALUE,
                USR.NAME TEXT
        FROM ${DB_OWNER}.USER_M USR
        WHERE USR.SERVICE_NO = #{service_no}
            AND USR.DEPARTMENT_NO = #{department_no}
        ORDER BY USR.NAME
    </select>

    <insert id="insertBlackList" parameterType="ReqAddBlackListVO">
        <selectKey keyProperty="vip_no" resultType="int" order="BEFORE">
            SELECT ${DB_OWNER}.SEQ_VIP.NEXTVAL FROM DUAL
        </selectKey>
        INSERT INTO ${DB_OWNER}.VIP(
            VIP_NO,
            SERVICE_NO,
            USER_NO,
            CUSTOMER_NO,
            REASON,
            DATA_REGR_ID,
            DATA_REG_DTM,
            DATA_CHGR_ID,
            DATA_CHG_DTM
        ) VALUES (
            #{vip_no},
            #{service_no},
            #{user_no},
            #{customer_no},
            #{reason},
            #{user_no},
            sysdate,
            #{user_no},
            sysdate
        )

    </insert>

    <select id="selectUserChatState" parameterType="ReqUserChatStateVO" resultType="ResGetUserChatStateVO">
        SELECT USR.DISTRIBUTE_YN,
                USR.WORK_STATUS_TYPE,
                USR.WORK_YN
        FROM ${DB_OWNER}.USER_M USR
        WHERE USR.SERVICE_NO = #{service_no}
            AND USR.USER_NO = #{user_no}
    </select>

    <update id="updateUserDistribute" parameterType="ReqModifyUserDistributeVO">
        UPDATE ${DB_OWNER}.USER_M
        SET DISTRIBUTE_YN = #{distribute_yn},
            DATA_CHG_DTM = sysdate,
            DATA_CHGR_ID = #{user_id}
        WHERE SERVICE_NO = #{service_no}
            AND USER_NO = #{user_no}
    </update>

    <update id="updateUserWorkState" parameterType="UserWorkStateVO">
        UPDATE ${DB_OWNER}.USER_M
        SET WORK_YN = #{work_yn},
            WORK_STATUS_TYPE = #{work_status_type},
            DATA_CHG_DTM = sysdate,
            DATA_CHGR_ID = #{user_id}
        WHERE SERVICE_NO = #{service_no}
            AND USER_NO = #{user_no}

    </update>

    <select id="selectLastWorkHistoryByState" parameterType="UserWorkStateVO" resultType="WorkStateHistoryVO">
        SELECT WORK_STATUS_HISTORY_NO,
                SERVICE_NO,
                USER_NO,
                WORK_STATUS_TYPE,
                START_DATE,
                END_DATE,
                DATA_REGR_ID,
                DATA_REG_DTM,
                DATA_CHGR_ID,
                DATA_CHG_DTM
        FROM ${DB_OWNER}.WORK_STATUS_HISTORY
        WHERE WORK_STATUS_HISTORY_NO = (SELECT max(WORK_STATUS_HISTORY_NO) keep(dense_rank first order by DATA_REG_DTM desc) as MAX_HIS_NO
                                        FROM ${DB_OWNER}.WORK_STATUS_HISTORY
                                        WHERE SERVICE_NO = #{service_no}
                                            AND USER_NO = #{user_no}
                                            AND WORK_STATUS_TYPE = #{old_work_status_type})
            AND SERVICE_NO = #{service_no}
            AND USER_NO = #{user_no}
            AND WORK_STATUS_TYPE = #{old_work_status_type}
    </select>
    <insert id="insertWorkStateHistory" parameterType="UserWorkStateVO">
        <selectKey keyProperty="work_status_history_no" resultType="int" order="BEFORE">
            SELECT ${DB_OWNER}.SEQ_WORK_STATUS_HISTORY.NEXTVAL FROM DUAL
        </selectKey>
        INSERT INTO ${DB_OWNER}.WORK_STATUS_HISTORY
        (
            WORK_STATUS_HISTORY_NO,
            SERVICE_NO,
            USER_NO,
            WORK_STATUS_TYPE,
            START_DATE,
            DATA_REGR_ID,
            DATA_REG_DTM,
            DATA_CHGR_ID,
            DATA_CHG_DTM
        ) VALUES (
            #{work_status_history_no},
            #{service_no},
            #{user_no},
            #{work_status_type},
            sysdate,
            #{user_id},
            sysdate,
            #{user_id},
            sysdate
        )
    </insert>

    <update id="updateWorkStateHistoryEndDt" parameterType="WorkStateHistoryVO">
        UPDATE ${DB_OWNER}.WORK_STATUS_HISTORY
        SET END_DATE = sysdate,
            DATA_CHG_DTM = sysdate,
            DATA_CHGR_ID = #{user_id}
        WHERE SERVICE_NO = #{service_no}
            AND USER_NO = #{user_no}
            AND WORK_STATUS_HISTORY_NO = #{work_status_history_no}
    </update>

    <insert id="insertChatContentHisLog" parameterType="ReqGetChatContentVO">
        <selectKey keyProperty="logging_no" resultType="int" order="BEFORE">
            SELECT ${DB_OWNER}.SEQ_CONSULT_LOGGING.NEXTVAL FROM DUAL
        </selectKey>
        INSERT INTO ${DB_OWNER}.CONSULT_LOGGING (
                        LOGGING_NO,
                        SERVICE_NO,
                        CONSULT_NO,
                        USER_NO,
                        READ_DTM,
                        INFO,
                        DATA_REGR_ID,
                        DATA_REG_DTM,
                        DATA_CHGR_ID,
                        DATA_CHG_DTM
                    )VALUES(
                        #{logging_no},
                        #{service_no},
                        #{consult_no},
                        #{user_no},
                        sysdate,
                        #{info, jdbcType=VARCHAR},
                        #{data_regr_id},
                        sysdate,
                        #{data_chgr_id},
                        sysdate
                    )
    </insert>

    <select id="selectPermissionMenuByPNo" resultType="ConsultMenuVO" parameterType="ReqGetMenuInfoVO">
        SELECT MN.MENU_NO,
                MN.SERVICE_NO,
                MN.PARENT_MENU_NO,
                MN.MENU_URL,
                MN.MENU_NAME,
                MN.SORT_NO
        FROM ${DB_OWNER}.USER_M USR,
             ${DB_OWNER}."PERMISSION" PM,
             ${DB_OWNER}."MENU_PERMISSION_MAPPING" MPM,
             ${DB_OWNER}.MENU MN
        WHERE USR.SERVICE_NO = PM.SERVICE_NO
            AND USR.PERMISSION_NO = PM.PERMISSION_NO
            AND PM.SERVICE_NO = MPM.SERVICE_NO
            AND PM.PERMISSION_NO = MPM.PERMISSION_NO
            AND MPM.SERVICE_NO = MN.SERVICE_NO
            AND MPM.MENU_NO = MN.MENU_NO
            AND MN.USE_YN = 'Y'
            AND MN.PARENT_MENU_NO = #{parent_menu_no}
            AND USR.SERVICE_NO = #{service_no}
            AND USR.USER_NO = #{user_no}
        ORDER BY MN.SORT_NO
    </select>

    <insert id="insertMacro" parameterType="MacroVO">
        <selectKey keyProperty="macro_no" resultType="int" order="BEFORE">
            SELECT ${DB_OWNER}.SEQ_USER_MACRO.NEXTVAL FROM DUAL
        </selectKey>
        INSERT INTO ${DB_OWNER}.USER_MACRO (
            MACRO_NO,
            SERVICE_NO,
            USER_NO,
            MACRO_KEY,
            MACRO_CONTENT,
            DATA_REGR_ID,
            DATA_REG_DTM,
            DATA_CHGR_ID,
            DATA_CHG_DTM
        )VALUES(
            #{macro_no},
            #{service_no},
            #{user_no},
            #{macro_key},
            #{macro_content},
            #{data_regr_id},
            sysdate,
            #{data_chgr_id},
            sysdate
        )
    </insert>
    <update id="updateMacro" parameterType="MacroVO">
        UPDATE ${DB_OWNER}.USER_MACRO
        SET MACRO_KEY = #{macro_key},
            MACRO_CONTENT = #{macro_content}
        WHERE SERVICE_NO = #{service_no}
            AND MACRO_NO = #{macro_no}
    </update>

    <delete id="deleteMacro" parameterType="MacroVO">
        DELETE FROM ${DB_OWNER}.USER_MACRO
        WHERE SERVICE_NO = #{service_no}
            AND MACRO_NO = #{macro_no}
    </delete>

    <select id="selectConsultInfo" parameterType="ConsultInfoVO" resultType="ConsultInfoVO">
        SELECT CT.SERVICE_NO,
            CT.CONSULT_NO,
            CT.CUSTOMER_NO,
            CUS.NAME CUSTOMER_NAME,
            CUS.USER_ID CUSTOMER_ID,
            FNC_COM_CODE_NM('CONSULT_INCOME_TYPE',CT.INCOME_TYPE) INCOME,
            FNC_COM_CODE_NM('CONSULT_AUTH_CD',CT.AUTH_CD) AUTH
        FROM CONSULT CT,
            USER_M USR,
            CUSTOMER CUS
        WHERE CT.SERVICE_NO = USR.SERVICE_NO
            AND CT.USER_NO = USR.USER_NO
            AND CT.SERVICE_NO = CUS.SERVICE_NO
            AND CT.CUSTOMER_NO = CUS.CUSTOMER_NO
            AND CT.SERVICE_NO = #{service_no}
            AND CT.CONSULT_NO = #{consult_no}
    </select>

    <select id="selectUserChatRoomCount" parameterType="UserInfoVO" resultType="int">
        SELECT ROOM_LIMIT
        FROM USER_M USR
        WHERE SERVICE_NO = #{service_no}
            AND USER_NO = #{user_no}
    </select>
</mapper>