<?xml version="1.0" encoding="UTF-8"?>
<!DOCTYPE mapper PUBLIC "-//mybatis.org//DTD Mapper 3.0//EN" "http://mybatis.org/dtd/mybatis-3-mapper.dtd">
<mapper namespace="emnet.chat.admin.mapper.mst.admin.holiday.HolidayMapper">


    <select id="selectHolidayList" parameterType="ReqHolidayVO" resultType="ReqHolidayVO">
        <![CDATA[

            /*HolidayMapper.xml -- selectHolidayList */
            SELECT A.*, ROWNUM as id
              FROM
                (
                SELECT
                      holiday_no
                    , service_no
                    , TO_CHAR(start_date, 'yyyy-MM-dd') as start_date
                    , TO_CHAR(end_date, 'yyyy-MM-dd') as end_date
                    , holiday_name
                    , use_yn
                FROM
                    ${DB_OWNER}.HOLIDAY
                WHERE   1 = 1
        ]]>
        <if test="!@emnet.chat.admin.common.utils.StringUtils@isEmpty(service_no)">
            <![CDATA[
		 		  AND   service_no      = #{ service_no       }
			]]>
        </if>

        <if test="!@emnet.chat.admin.common.utils.StringUtils@isEmpty(sch_start_date)">
            <![CDATA[
		 		  AND  start_date     >= TO_DATE(#{ sch_start_date },'YYYY-MM-DD')
			]]>
        </if>

        <if test="!@emnet.chat.admin.common.utils.StringUtils@isEmpty(sch_end_date)">
            <![CDATA[
		 		  AND  start_date    <  TO_DATE(#{ sch_end_date },'YYYY-MM-DD') +1

			]]>
        </if>
        <![CDATA[

                    ORDER BY start_date desc
                ) A
		]]>
    </select>


    <insert id="insertHoliday" parameterType="ReqHolidayVO">

        <![CDATA[
        /*HolidayMapper.xml -- insertHoliday */
        INSERT INTO ${DB_OWNER}.HOLIDAY
        ( holiday_no
        , service_no
        , start_date
        , end_date
        , holiday_name
        , use_yn
        , data_regr_id
        , data_reg_dtm
        , data_chgr_id
        , data_chg_dtm)
        VALUES ( (
                     select NVL(MAX(holiday_no), 0) + 1
                     from ${DB_OWNER}.HOLIDAY
                 )
               , #{ service_no      }
               , #{ start_date      }
               , #{ end_date        }
               , #{ holiday_name    }
               , #{ use_yn          }
               , #{ data_regr_id    }
               , sysdate
               , #{ data_chgr_id    }
               , sysdate)
        ]]>
</insert>


    <update id="updateHoliday" parameterType="ReqHolidayVO">
        <![CDATA[
        /*HolidayMapper.xml -- updateHoliday */
        UPDATE ${DB_OWNER}.HOLIDAY
        SET holiday_no   = #{ holiday_no      }
          , service_no   = #{ service_no      }
          , start_date   = #{ start_date      }
          , end_date     = #{ end_date        }
          , holiday_name = #{ holiday_name    }
          , use_yn       = #{ use_yn          }
          , data_chgr_id = #{ data_chgr_id    }
          , data_chg_dtm = sysdate
        WHERE 1 = 1
          AND holiday_no = #{ holiday_no      }
          AND service_no = #{ service_no      }
        ]]>
    </update>


    <delete id="deleteHoliday" parameterType="ReqHolidayVO">
        <![CDATA[
        /*HolidayMapper.xml -- deleteHoliday */
        DELETE
        FROM ${DB_OWNER}.HOLIDAY
        WHERE 1 = 1
          AND holiday_no = #{ holiday_no      }
          AND service_no = #{ service_no      }
        ]]>
    </delete>


</mapper>