<?xml version="1.0" encoding="UTF-8"?>
<!DOCTYPE mapper PUBLIC "-//mybatis.org//DTD Mapper 3.0//EN" "http://mybatis.org/dtd/mybatis-3-mapper.dtd">
<mapper namespace="emnet.chat.admin.mapper.mst.admin.service.ServiceScheduleMapper">


    <select id="selectServiceScheduleList" parameterType="ResServiceScheduleVO" resultType="ResServiceScheduleVO">
<![CDATA[
        
            /*ServiceScheduleMapper.xml -- selectServiceScheduleList */
            SELECT
                  ROWNUM as id
                , week_cd
                , service_no
                , start_time
                , end_time
                , rest_start_time
                , rest_end_time
                , lunch_start_time
                , lunch_end_time

            FROM 
                     ${DB_OWNER}.SERVICE_SCHEDULE
            WHERE   1 = 1

        ]]>
        <if test="!@emnet.chat.admin.common.utils.StringUtils@isEmpty(service_no)">
            <![CDATA[
		 		  AND   service_no      = #{ service_no       }
			]]>
        </if>
</select>


    <insert id="insertServiceSchedule" parameterType="ResServiceScheduleVO">
<![CDATA[
        
            /*ServiceScheduleMapper.xml -- insertServiceSchedule */
            INSERT INTO ${DB_OWNER}.SERVICE_SCHEDULE
         (
               week_cd
              ,service_no
              ,start_time
              ,end_time
              ,rest_start_time
              ,rest_end_time
              ,lunch_start_time
              ,lunch_end_time
              ,data_regr_id
              ,data_reg_dtm
              ,data_chgr_id
              ,data_chg_dtm
        ) 
        VALUES
         (
                #{ week_cd         }
              , #{ service_no      }
              , #{ start_time     }
              , #{ end_time        }
              , #{ rest_start_time }
              , #{ rest_end_time   }
              , #{ lunch_start_time }
              , #{ lunch_end_time  }
              , #{ data_regr_id    }
              , sysdate
              , #{ data_chgr_id    }
              , sysdate
        )
        ]]>
</insert>


    <update id="updateServiceSchedule" parameterType="ResServiceScheduleVO">
<![CDATA[
        
            /*ServiceScheduleMapper.xml -- updateServiceSchedule */
            UPDATE ${DB_OWNER}.SERVICE_SCHEDULE
            SET 
               start_time       =  #{ start_time     }
             , end_time         =  #{ end_time        }
             , rest_start_time  =  #{ rest_start_time }
             , rest_end_time    =  #{ rest_end_time   }
             , lunch_start_time =  #{ lunch_start_time }
             , lunch_end_time   =  #{ lunch_end_time  }
             , data_chgr_id     =  #{ data_chgr_id    }
             , data_chg_dtm     =  sysdate
            WHERE 1 = 1
            AND week_cd         = #{ week_cd         }
            AND service_no      = #{ service_no      }


        ]]>
</update>


    <delete id="deleteServiceSchedule" parameterType="ResServiceScheduleVO">
<![CDATA[
        
            /*ServiceScheduleMapper.xml -- deleteServiceSchedule */
            DELETE FROM ${DB_OWNER}.SERVICE_SCHEDULE
            WHERE 1 = 1
            AND week_cd         = #{ week_cd         }
            AND service_no      = #{ service_no      }


        ]]>
</delete>


</mapper>