<?xml version="1.0" encoding="UTF-8"?>
<!DOCTYPE mapper PUBLIC "-//mybatis.org//DTD Mapper 3.0//EN" "http://mybatis.org/dtd/mybatis-3-mapper.dtd">
<mapper namespace="emnet.chat.admin.mapper.mst.admin.service.ServiceMapper">


    <select id="selectServiceList" parameterType="ReqServiceVO" resultType="ReqServiceVO">
<![CDATA[
        
            /*ServiceMapper.xml -- selectServiceList */
            SELECT
                  ROWNUM as id
                 ,  service_no
                 ,  service_name

                 ,  consult_status
                 ,  distribute_type
                 ,  target_time
                 ,  wait_time
            FROM 
                ${DB_OWNER}.SERVICE
            WHERE   1 = 1

        ]]>
        <if test="!@emnet.chat.admin.common.utils.StringUtils@isEmpty(service_no)">
            <![CDATA[
		 		  AND   service_no      = #{ service_no       }
			]]>
        </if>

</select>


    <insert id="insertService" parameterType="ReqServiceVO">
<![CDATA[
        
            /*ServiceScheduleMapper.xml -- insertService */
       INSERT INTO ${DB_OWNER}.SERVICE
         (
                   service_no
                 , service_name
                 , consult_status
                 , distribute_type
                 , target_time
                 , wait_time
                 , data_regr_id
                 , data_reg_dtm
                 , data_chgr_id
                 , data_chg_dtm
        )
        VALUES
         (
                #{ service_no }
              , #{ service_name }
              , #{ consult_status }
              , #{ distribute_type }
              , #{ target_time }
              , #{ wait_time }
              , #{data_regr_id          }
              , sysdate
              , #{ data_chgr_id         }
              , sysdate
        )
        ]]>
</insert>


    <update id="updateService" parameterType="ReqServiceVO">
<![CDATA[
        
            /*ServiceScheduleMapper.xml -- updateService */
            UPDATE ${DB_OWNER}.SERVICE
            SET 
                  service_name             = #{service_name       }
                , consult_status           = #{consult_status     }
                , distribute_type          = #{distribute_type    }
                , target_time              = #{target_time        }
                , wait_time                = #{wait_time          }
                , data_chgr_id             = #{ data_chgr_id      }
                , data_chg_dtm             = sysdate
            WHERE 1 = 1
            AND service_no      = #{ service_no      }


        ]]>
</update>


    <delete id="deleteService" parameterType="ReqServiceVO">
<![CDATA[
        
            /*ServiceScheduleMapper.xml -- deleteService */
            DELETE FROM ${DB_OWNER}.SERVICE
            WHERE 1 = 1
            AND service_no      = #{ service_no      }


        ]]>
</delete>


</mapper>